Sep 22, 2026 9:36:05 PM com.google.cloud.datastore.emulator.firestore.websocket.WebSocketServer start
INFO: Started WebSocket server on ws://127.0.0.1:9150

API endpoint: http://127.0.0.1:8080
Database Edition: STANDARD
Database Mode: CLOUD_FIRESTORE

If you are using a library that supports the FIRESTORE_EMULATOR_HOST environment variable, run:

   export FIRESTORE_EMULATOR_HOST=127.0.0.1:8080

If you are running a Firestore in Datastore Mode project, run:

   export DATASTORE_EMULATOR_HOST=127.0.0.1:8080

Note: Support for Datastore Mode is in preview. If you encounter any bugs please file at https://github.com/firebase/firebase-tools/issues.
Dev App Server is now running.

Sep 22, 2026 9:36:07 PM io.gapi.emulators.netty.HttpVersionRoutingHandler channelRead
INFO: Detected non-HTTP/2 connection.
Sep 22, 2026 9:36:07 PM io.gapi.emulators.netty.HttpVersionRoutingHandler channelRead
INFO: Detected non-HTTP/2 connection.
Sep 22, 2026 9:36:07 PM io.grpc.netty.TcpMetrics loadEpollInfo
INFO: Epoll available during static init of TcpMetrics:false
Sep 22, 2026 9:36:07 PM io.gapi.emulators.netty.HttpVersionRoutingHandler channelRead
INFO: Detected HTTP/2 connection.
Multiple projectIds are not recommended in single project mode. Requested project ID bioblitz-rules-test, but the emulator is configured for bioblitz-mitosisphere. To opt-out of single project mode add/set the '"singleProjectMode": false' property in the firebase.json emulators config.
Multiple projectIds are not recommended in single project mode. Requested project ID bioblitz-live-rules-test, but the emulator is configured for bioblitz-mitosisphere. To opt-out of single project mode add/set the '"singleProjectMode": false' property in the firebase.json emulators config.
Multiple projectIds are not recommended in single project mode. Requested project ID bioblitz-rules-test, but the emulator is configured for bioblitz-mitosisphere. To opt-out of single project mode add/set the '"singleProjectMode": false' property in the firebase.json emulators config.
Multiple projectIds are not recommended in single project mode. Requested project ID bioblitz-live-rules-test, but the emulator is configured for bioblitz-mitosisphere. To opt-out of single project mode add/set the '"singleProjectMode": false' property in the firebase.json emulators config.
Sep 22, 2026 9:36:08 PM io.gapi.emulators.netty.HttpVersionRoutingHandler channelRead
INFO: Detected non-HTTP/2 connection.
Sep 22, 2026 9:36:08 PM io.gapi.emulators.netty.HttpVersionRoutingHandler channelRead
INFO: Detected non-HTTP/2 connection.
Multiple projectIds are not recommended in single project mode. Requested project ID bioblitz-live-rules-test, but the emulator is configured for bioblitz-mitosisphere. To opt-out of single project mode add/set the '"singleProjectMode": false' property in the firebase.json emulators config.
Multiple projectIds are not recommended in single project mode. Requested project ID bioblitz-live-rules-test, but the emulator is configured for bioblitz-mitosisphere. To opt-out of single project mode add/set the '"singleProjectMode": false' property in the firebase.json emulators config.
Multiple projectIds are not recommended in single project mode. Requested project ID bioblitz-rules-test, but the emulator is configured for bioblitz-mitosisphere. To opt-out of single project mode add/set the '"singleProjectMode": false' property in the firebase.json emulators config.
Multiple projectIds are not recommended in single project mode. Requested project ID bioblitz-rules-test, but the emulator is configured for bioblitz-mitosisphere. To opt-out of single project mode add/set the '"singleProjectMode": false' property in the firebase.json emulators config.
Sep 22, 2026 9:36:08 PM io.gapi.emulators.netty.HttpVersionRoutingHandler channelRead
INFO: Detected HTTP/2 connection.
Sep 22, 2026 9:36:08 PM io.gapi.emulators.netty.HttpVersionRoutingHandler channelRead
INFO: Detected HTTP/2 connection.
Multiple projectIds are not recommended in single project mode. Requested project ID bioblitz-live-rules-test, but the emulator is configured for bioblitz-mitosisphere. To opt-out of single project mode add/set the '"singleProjectMode": false' property in the firebase.json emulators config.
Multiple projectIds are not recommended in single project mode. Requested project ID bioblitz-rules-test, but the emulator is configured for bioblitz-mitosisphere. To opt-out of single project mode add/set the '"singleProjectMode": false' property in the firebase.json emulators config.
Multiple projectIds are not recommended in single project mode. Requested project ID bioblitz-live-rules-test, but the emulator is configured for bioblitz-mitosisphere. To opt-out of single project mode add/set the '"singleProjectMode": false' property in the firebase.json emulators config.
Multiple projectIds are not recommended in single project mode. Requested project ID bioblitz-rules-test, but the emulator is configured for bioblitz-mitosisphere. To opt-out of single project mode add/set the '"singleProjectMode": false' property in the firebase.json emulators config.
Sep 22, 2026 9:36:09 PM io.gapi.emulators.netty.HttpVersionRoutingHandler channelRead
INFO: Detected HTTP/2 connection.
Multiple projectIds are not recommended in single project mode. Requested project ID bioblitz-rules-test, but the emulator is configured for bioblitz-mitosisphere. To opt-out of single project mode add/set the '"singleProjectMode": false' property in the firebase.json emulators config.
Multiple projectIds are not recommended in single project mode. Requested project ID bioblitz-rules-test, but the emulator is configured for bioblitz-mitosisphere. To opt-out of single project mode add/set the '"singleProjectMode": false' property in the firebase.json emulators config.
Sep 22, 2026 9:36:09 PM io.gapi.emulators.netty.HttpVersionRoutingHandler channelRead
INFO: Detected HTTP/2 connection.
Multiple projectIds are not recommended in single project mode. Requested project ID bioblitz-live-rules-test, but the emulator is configured for bioblitz-mitosisphere. To opt-out of single project mode add/set the '"singleProjectMode": false' property in the firebase.json emulators config.
Multiple projectIds are not recommended in single project mode. Requested project ID bioblitz-live-rules-test, but the emulator is configured for bioblitz-mitosisphere. To opt-out of single project mode add/set the '"singleProjectMode": false' property in the firebase.json emulators config.
Sep 22, 2026 9:36:09 PM io.gapi.emulators.netty.HttpVersionRoutingHandler channelRead
INFO: Detected HTTP/2 connection.
Multiple projectIds are not recommended in single project mode. Requested project ID bioblitz-rules-test, but the emulator is configured for bioblitz-mitosisphere. To opt-out of single project mode add/set the '"singleProjectMode": false' property in the firebase.json emulators config.
Multiple projectIds are not recommended in single project mode. Requested project ID bioblitz-rules-test, but the emulator is configured for bioblitz-mitosisphere. To opt-out of single project mode add/set the '"singleProjectMode": false' property in the firebase.json emulators config.
Multiple projectIds are not recommended in single project mode. Requested project ID bioblitz-live-rules-test, but the emulator is configured for bioblitz-mitosisphere. To opt-out of single project mode add/set the '"singleProjectMode": false' property in the firebase.json emulators config.
Multiple projectIds are not recommended in single project mode. Requested project ID bioblitz-live-rules-test, but the emulator is configured for bioblitz-mitosisphere. To opt-out of single project mode add/set the '"singleProjectMode": false' property in the firebase.json emulators config.
Multiple projectIds are not recommended in single project mode. Requested project ID bioblitz-rules-test, but the emulator is configured for bioblitz-mitosisphere. To opt-out of single project mode add/set the '"singleProjectMode": false' property in the firebase.json emulators config.
Multiple projectIds are not recommended in single project mode. Requested project ID bioblitz-rules-test, but the emulator is configured for bioblitz-mitosisphere. To opt-out of single project mode add/set the '"singleProjectMode": false' property in the firebase.json emulators config.
Multiple projectIds are not recommended in single project mode. Requested project ID bioblitz-rules-test, but the emulator is configured for bioblitz-mitosisphere. To opt-out of single project mode add/set the '"singleProjectMode": false' property in the firebase.json emulators config.
Multiple projectIds are not recommended in single project mode. Requested project ID bioblitz-rules-test, but the emulator is configured for bioblitz-mitosisphere. To opt-out of single project mode add/set the '"singleProjectMode": false' property in the firebase.json emulators config.
Multiple projectIds are not recommended in single project mode. Requested project ID bioblitz-live-rules-test, but the emulator is configured for bioblitz-mitosisphere. To opt-out of single project mode add/set the '"singleProjectMode": false' property in the firebase.json emulators config.
Multiple projectIds are not recommended in single project mode. Requested project ID bioblitz-live-rules-test, but the emulator is configured for bioblitz-mitosisphere. To opt-out of single project mode add/set the '"singleProjectMode": false' property in the firebase.json emulators config.
Multiple projectIds are not recommended in single project mode. Requested project ID bioblitz-rules-test, but the emulator is configured for bioblitz-mitosisphere. To opt-out of single project mode add/set the '"singleProjectMode": false' property in the firebase.json emulators config.
Multiple projectIds are not recommended in single project mode. Requested project ID bioblitz-rules-test, but the emulator is configured for bioblitz-mitosisphere. To opt-out of single project mode add/set the '"singleProjectMode": false' property in the firebase.json emulators config.
Sep 22, 2026 9:36:09 PM com.google.cloud.datastore.emulator.impl.util.WrappedStreamObserver onError
WARNING: Operation failed: 
evaluation error at L204:24 for 'create' @ L204, evaluation error at L223:24 for 'update' @ L223, false for 'create' @ L204
com.google.cloud.datastore.core.exception.DatastoreException: 
evaluation error at L204:24 for 'create' @ L204, evaluation error at L223:24 for 'update' @ L223, false for 'create' @ L204
	at com.google.cloud.datastore.core.exception.DatastoreException$Builder.build(DatastoreException.java:152)
	at com.google.cloud.datastore.emulator.impl.rules.DefaultEmulatorRulesAuthorizer.verboseError(DefaultEmulatorRulesAuthorizer.java:349)
	at com.google.cloud.datastore.emulator.impl.rules.DefaultEmulatorRulesAuthorizer.withVerboseErrors(DefaultEmulatorRulesAuthorizer.java:326)
	at com.google.cloud.datastore.emulator.impl.rules.DefaultEmulatorRulesAuthorizer.checkCommit(DefaultEmulatorRulesAuthorizer.java:114)
	at com.google.cloud.datastore.emulator.impl.firestore.FirestoreEmulatorHelper.commitHelper(FirestoreEmulatorHelper.java:386)
	at com.google.cloud.datastore.emulator.impl.firestore.FirestoreEmulatorHelper.internalCommit(FirestoreEmulatorHelper.java:336)
	at com.google.cloud.datastore.emulator.impl.firestore.CloudFirestoreV1.internalCommit(CloudFirestoreV1.java:1245)
	at com.google.cloud.datastore.emulator.impl.firestore.CloudFirestoreV1.write(CloudFirestoreV1.java:1232)
	at com.google.cloud.datastore.emulator.impl.firestore.CloudFirestoreV1WriteStream.handleRequest(CloudFirestoreV1WriteStream.java:222)
	at com.google.cloud.datastore.emulator.impl.firestore.CloudFirestoreV1WriteStream.write(CloudFirestoreV1WriteStream.java:144)
	at com.google.cloud.datastore.emulator.impl.firestore.CloudFirestoreV1WriteStream.onNext(CloudFirestoreV1WriteStream.java:99)
	at com.google.cloud.datastore.emulator.impl.firestore.CloudFirestoreV1WriteStream.onNext(CloudFirestoreV1WriteStream.java:27)
	at io.grpc.stub.ServerCalls$StreamingServerCallHandler$StreamingServerCallListener.onMessage(ServerCalls.java:262)
	at io.grpc.ForwardingServerCallListener.onMessage(ForwardingServerCallListener.java:33)
	at io.grpc.Contexts$ContextualizedServerCallListener.onMessage(Contexts.java:76)
	at io.grpc.ForwardingServerCallListener.onMessage(ForwardingServerCallListener.java:33)
	at io.grpc.Contexts$ContextualizedServerCallListener.onMessage(Contexts.java:76)
	at io.grpc.internal.ServerCallImpl$ServerStreamListenerImpl.messagesAvailableInternal(ServerCallImpl.java:334)
	at io.grpc.internal.ServerCallImpl$ServerStreamListenerImpl.messagesAvailable(ServerCallImpl.java:319)
	at io.grpc.internal.ServerImpl$JumpToApplicationThreadServerStreamListener$1MessagesAvailable.runInContext(ServerImpl.java:834)
	at io.grpc.internal.ContextRunnable.run(ContextRunnable.java:37)
	at io.grpc.internal.SerializingExecutor.run(SerializingExecutor.java:133)
	at java.base/java.util.concurrent.ThreadPoolExecutor.runWorker(ThreadPoolExecutor.java:1144)
	at java.base/java.util.concurrent.ThreadPoolExecutor$Worker.run(ThreadPoolExecutor.java:642)
	at java.base/java.lang.Thread.run(Thread.java:1583)

Multiple projectIds are not recommended in single project mode. Requested project ID bioblitz-live-rules-test, but the emulator is configured for bioblitz-mitosisphere. To opt-out of single project mode add/set the '"singleProjectMode": false' property in the firebase.json emulators config.
Multiple projectIds are not recommended in single project mode. Requested project ID bioblitz-live-rules-test, but the emulator is configured for bioblitz-mitosisphere. To opt-out of single project mode add/set the '"singleProjectMode": false' property in the firebase.json emulators config.
Multiple projectIds are not recommended in single project mode. Requested project ID bioblitz-rules-test, but the emulator is configured for bioblitz-mitosisphere. To opt-out of single project mode add/set the '"singleProjectMode": false' property in the firebase.json emulators config.
Multiple projectIds are not recommended in single project mode. Requested project ID bioblitz-rules-test, but the emulator is configured for bioblitz-mitosisphere. To opt-out of single project mode add/set the '"singleProjectMode": false' property in the firebase.json emulators config.
Multiple projectIds are not recommended in single project mode. Requested project ID bioblitz-live-rules-test, but the emulator is configured for bioblitz-mitosisphere. To opt-out of single project mode add/set the '"singleProjectMode": false' property in the firebase.json emulators config.
Multiple projectIds are not recommended in single project mode. Requested project ID bioblitz-live-rules-test, but the emulator is configured for bioblitz-mitosisphere. To opt-out of single project mode add/set the '"singleProjectMode": false' property in the firebase.json emulators config.
Multiple projectIds are not recommended in single project mode. Requested project ID bioblitz-rules-test, but the emulator is configured for bioblitz-mitosisphere. To opt-out of single project mode add/set the '"singleProjectMode": false' property in the firebase.json emulators config.
Multiple projectIds are not recommended in single project mode. Requested project ID bioblitz-rules-test, but the emulator is configured for bioblitz-mitosisphere. To opt-out of single project mode add/set the '"singleProjectMode": false' property in the firebase.json emulators config.
Multiple projectIds are not recommended in single project mode. Requested project ID bioblitz-live-rules-test, but the emulator is configured for bioblitz-mitosisphere. To opt-out of single project mode add/set the '"singleProjectMode": false' property in the firebase.json emulators config.
Multiple projectIds are not recommended in single project mode. Requested project ID bioblitz-live-rules-test, but the emulator is configured for bioblitz-mitosisphere. To opt-out of single project mode add/set the '"singleProjectMode": false' property in the firebase.json emulators config.
Multiple projectIds are not recommended in single project mode. Requested project ID bioblitz-rules-test, but the emulator is configured for bioblitz-mitosisphere. To opt-out of single project mode add/set the '"singleProjectMode": false' property in the firebase.json emulators config.
Multiple projectIds are not recommended in single project mode. Requested project ID bioblitz-rules-test, but the emulator is configured for bioblitz-mitosisphere. To opt-out of single project mode add/set the '"singleProjectMode": false' property in the firebase.json emulators config.
Multiple projectIds are not recommended in single project mode. Requested project ID bioblitz-live-rules-test, but the emulator is configured for bioblitz-mitosisphere. To opt-out of single project mode add/set the '"singleProjectMode": false' property in the firebase.json emulators config.
Multiple projectIds are not recommended in single project mode. Requested project ID bioblitz-live-rules-test, but the emulator is configured for bioblitz-mitosisphere. To opt-out of single project mode add/set the '"singleProjectMode": false' property in the firebase.json emulators config.
Multiple projectIds are not recommended in single project mode. Requested project ID bioblitz-rules-test, but the emulator is configured for bioblitz-mitosisphere. To opt-out of single project mode add/set the '"singleProjectMode": false' property in the firebase.json emulators config.
Multiple projectIds are not recommended in single project mode. Requested project ID bioblitz-rules-test, but the emulator is configured for bioblitz-mitosisphere. To opt-out of single project mode add/set the '"singleProjectMode": false' property in the firebase.json emulators config.
Sep 22, 2026 9:36:09 PM com.google.cloud.datastore.emulator.impl.util.WrappedStreamObserver onError
WARNING: Operation failed: 
false for 'update' @ L150
com.google.cloud.datastore.core.exception.DatastoreException: 
false for 'update' @ L150
	at com.google.cloud.datastore.core.exception.DatastoreException$Builder.build(DatastoreException.java:152)
	at com.google.cloud.datastore.emulator.impl.rules.DefaultEmulatorRulesAuthorizer.verboseError(DefaultEmulatorRulesAuthorizer.java:349)
	at com.google.cloud.datastore.emulator.impl.rules.DefaultEmulatorRulesAuthorizer.withVerboseErrors(DefaultEmulatorRulesAuthorizer.java:326)
	at com.google.cloud.datastore.emulator.impl.rules.DefaultEmulatorRulesAuthorizer.checkCommit(DefaultEmulatorRulesAuthorizer.java:114)
	at com.google.cloud.datastore.emulator.impl.firestore.FirestoreEmulatorHelper.commitHelper(FirestoreEmulatorHelper.java:386)
	at com.google.cloud.datastore.emulator.impl.firestore.FirestoreEmulatorHelper.internalCommit(FirestoreEmulatorHelper.java:336)
	at com.google.cloud.datastore.emulator.impl.firestore.CloudFirestoreV1.internalCommit(CloudFirestoreV1.java:1245)
	at com.google.cloud.datastore.emulator.impl.firestore.CloudFirestoreV1.write(CloudFirestoreV1.java:1232)
	at com.google.cloud.datastore.emulator.impl.firestore.CloudFirestoreV1WriteStream.handleRequest(CloudFirestoreV1WriteStream.java:222)
	at com.google.cloud.datastore.emulator.impl.firestore.CloudFirestoreV1WriteStream.write(CloudFirestoreV1WriteStream.java:144)
	at com.google.cloud.datastore.emulator.impl.firestore.CloudFirestoreV1WriteStream.onNext(CloudFirestoreV1WriteStream.java:99)
	at com.google.cloud.datastore.emulator.impl.firestore.CloudFirestoreV1WriteStream.onNext(CloudFirestoreV1WriteStream.java:27)
	at io.grpc.stub.ServerCalls$StreamingServerCallHandler$StreamingServerCallListener.onMessage(ServerCalls.java:262)
	at io.grpc.ForwardingServerCallListener.onMessage(ForwardingServerCallListener.java:33)
	at io.grpc.Contexts$ContextualizedServerCallListener.onMessage(Contexts.java:76)
	at io.grpc.ForwardingServerCallListener.onMessage(ForwardingServerCallListener.java:33)
	at io.grpc.Contexts$ContextualizedServerCallListener.onMessage(Contexts.java:76)
	at io.grpc.internal.ServerCallImpl$ServerStreamListenerImpl.messagesAvailableInternal(ServerCallImpl.java:334)
	at io.grpc.internal.ServerCallImpl$ServerStreamListenerImpl.messagesAvailable(ServerCallImpl.java:319)
	at io.grpc.internal.ServerImpl$JumpToApplicationThreadServerStreamListener$1MessagesAvailable.runInContext(ServerImpl.java:834)
	at io.grpc.internal.ContextRunnable.run(ContextRunnable.java:37)
	at io.grpc.internal.SerializingExecutor.run(SerializingExecutor.java:133)
	at java.base/java.util.concurrent.ThreadPoolExecutor.runWorker(ThreadPoolExecutor.java:1144)
	at java.base/java.util.concurrent.ThreadPoolExecutor$Worker.run(ThreadPoolExecutor.java:642)
	at java.base/java.lang.Thread.run(Thread.java:1583)

Multiple projectIds are not recommended in single project mode. Requested project ID bioblitz-live-rules-test, but the emulator is configured for bioblitz-mitosisphere. To opt-out of single project mode add/set the '"singleProjectMode": false' property in the firebase.json emulators config.
Multiple projectIds are not recommended in single project mode. Requested project ID bioblitz-live-rules-test, but the emulator is configured for bioblitz-mitosisphere. To opt-out of single project mode add/set the '"singleProjectMode": false' property in the firebase.json emulators config.
Sep 22, 2026 9:36:09 PM com.google.cloud.datastore.emulator.impl.util.WrappedStreamObserver onError
WARNING: Operation failed: 
false for 'delete' @ L150
com.google.cloud.datastore.core.exception.DatastoreException: 
false for 'delete' @ L150
	at com.google.cloud.datastore.core.exception.DatastoreException$Builder.build(DatastoreException.java:152)
	at com.google.cloud.datastore.emulator.impl.rules.DefaultEmulatorRulesAuthorizer.verboseError(DefaultEmulatorRulesAuthorizer.java:349)
	at com.google.cloud.datastore.emulator.impl.rules.DefaultEmulatorRulesAuthorizer.withVerboseErrors(DefaultEmulatorRulesAuthorizer.java:326)
	at com.google.cloud.datastore.emulator.impl.rules.DefaultEmulatorRulesAuthorizer.checkCommit(DefaultEmulatorRulesAuthorizer.java:114)
	at com.google.cloud.datastore.emulator.impl.firestore.FirestoreEmulatorHelper.commitHelper(FirestoreEmulatorHelper.java:386)
	at com.google.cloud.datastore.emulator.impl.firestore.FirestoreEmulatorHelper.internalCommit(FirestoreEmulatorHelper.java:336)
	at com.google.cloud.datastore.emulator.impl.firestore.CloudFirestoreV1.internalCommit(CloudFirestoreV1.java:1245)
	at com.google.cloud.datastore.emulator.impl.firestore.CloudFirestoreV1.write(CloudFirestoreV1.java:1232)
	at com.google.cloud.datastore.emulator.impl.firestore.CloudFirestoreV1WriteStream.handleRequest(CloudFirestoreV1WriteStream.java:222)
	at com.google.cloud.datastore.emulator.impl.firestore.CloudFirestoreV1WriteStream.write(CloudFirestoreV1WriteStream.java:144)
	at com.google.cloud.datastore.emulator.impl.firestore.CloudFirestoreV1WriteStream.onNext(CloudFirestoreV1WriteStream.java:99)
	at com.google.cloud.datastore.emulator.impl.firestore.CloudFirestoreV1WriteStream.onNext(CloudFirestoreV1WriteStream.java:27)
	at io.grpc.stub.ServerCalls$StreamingServerCallHandler$StreamingServerCallListener.onMessage(ServerCalls.java:262)
	at io.grpc.ForwardingServerCallListener.onMessage(ForwardingServerCallListener.java:33)
	at io.grpc.Contexts$ContextualizedServerCallListener.onMessage(Contexts.java:76)
	at io.grpc.ForwardingServerCallListener.onMessage(ForwardingServerCallListener.java:33)
	at io.grpc.Contexts$ContextualizedServerCallListener.onMessage(Contexts.java:76)
	at io.grpc.internal.ServerCallImpl$ServerStreamListenerImpl.messagesAvailableInternal(ServerCallImpl.java:334)
	at io.grpc.internal.ServerCallImpl$ServerStreamListenerImpl.messagesAvailable(ServerCallImpl.java:319)
	at io.grpc.internal.ServerImpl$JumpToApplicationThreadServerStreamListener$1MessagesAvailable.runInContext(ServerImpl.java:834)
	at io.grpc.internal.ContextRunnable.run(ContextRunnable.java:37)
	at io.grpc.internal.SerializingExecutor.run(SerializingExecutor.java:133)
	at java.base/java.util.concurrent.ThreadPoolExecutor.runWorker(ThreadPoolExecutor.java:1144)
	at java.base/java.util.concurrent.ThreadPoolExecutor$Worker.run(ThreadPoolExecutor.java:642)
	at java.base/java.lang.Thread.run(Thread.java:1583)

Multiple projectIds are not recommended in single project mode. Requested project ID bioblitz-rules-test, but the emulator is configured for bioblitz-mitosisphere. To opt-out of single project mode add/set the '"singleProjectMode": false' property in the firebase.json emulators config.
Multiple projectIds are not recommended in single project mode. Requested project ID bioblitz-rules-test, but the emulator is configured for bioblitz-mitosisphere. To opt-out of single project mode add/set the '"singleProjectMode": false' property in the firebase.json emulators config.
Multiple projectIds are not recommended in single project mode. Requested project ID bioblitz-live-rules-test, but the emulator is configured for bioblitz-mitosisphere. To opt-out of single project mode add/set the '"singleProjectMode": false' property in the firebase.json emulators config.
Multiple projectIds are not recommended in single project mode. Requested project ID bioblitz-live-rules-test, but the emulator is configured for bioblitz-mitosisphere. To opt-out of single project mode add/set the '"singleProjectMode": false' property in the firebase.json emulators config.
Sep 22, 2026 9:36:09 PM com.google.cloud.datastore.emulator.impl.util.WrappedStreamObserver onError
WARNING: Operation failed: 
evaluation error at L204:24 for 'create' @ L204, evaluation error at L223:24 for 'update' @ L223, false for 'create' @ L204
com.google.cloud.datastore.core.exception.DatastoreException: 
evaluation error at L204:24 for 'create' @ L204, evaluation error at L223:24 for 'update' @ L223, false for 'create' @ L204
	at com.google.cloud.datastore.core.exception.DatastoreException$Builder.build(DatastoreException.java:152)
	at com.google.cloud.datastore.emulator.impl.rules.DefaultEmulatorRulesAuthorizer.verboseError(DefaultEmulatorRulesAuthorizer.java:349)
	at com.google.cloud.datastore.emulator.impl.rules.DefaultEmulatorRulesAuthorizer.withVerboseErrors(DefaultEmulatorRulesAuthorizer.java:326)
	at com.google.cloud.datastore.emulator.impl.rules.DefaultEmulatorRulesAuthorizer.checkCommit(DefaultEmulatorRulesAuthorizer.java:114)
	at com.google.cloud.datastore.emulator.impl.firestore.FirestoreEmulatorHelper.commitHelper(FirestoreEmulatorHelper.java:386)
	at com.google.cloud.datastore.emulator.impl.firestore.FirestoreEmulatorHelper.internalCommit(FirestoreEmulatorHelper.java:336)
	at com.google.cloud.datastore.emulator.impl.firestore.CloudFirestoreV1.internalCommit(CloudFirestoreV1.java:1245)
	at com.google.cloud.datastore.emulator.impl.firestore.CloudFirestoreV1.write(CloudFirestoreV1.java:1232)
	at com.google.cloud.datastore.emulator.impl.firestore.CloudFirestoreV1WriteStream.handleRequest(CloudFirestoreV1WriteStream.java:222)
	at com.google.cloud.datastore.emulator.impl.firestore.CloudFirestoreV1WriteStream.write(CloudFirestoreV1WriteStream.java:144)
	at com.google.cloud.datastore.emulator.impl.firestore.CloudFirestoreV1WriteStream.onNext(CloudFirestoreV1WriteStream.java:99)
	at com.google.cloud.datastore.emulator.impl.firestore.CloudFirestoreV1WriteStream.onNext(CloudFirestoreV1WriteStream.java:27)
	at io.grpc.stub.ServerCalls$StreamingServerCallHandler$StreamingServerCallListener.onMessage(ServerCalls.java:262)
	at io.grpc.ForwardingServerCallListener.onMessage(ForwardingServerCallListener.java:33)
	at io.grpc.Contexts$ContextualizedServerCallListener.onMessage(Contexts.java:76)
	at io.grpc.ForwardingServerCallListener.onMessage(ForwardingServerCallListener.java:33)
	at io.grpc.Contexts$ContextualizedServerCallListener.onMessage(Contexts.java:76)
	at io.grpc.internal.ServerCallImpl$ServerStreamListenerImpl.messagesAvailableInternal(ServerCallImpl.java:334)
	at io.grpc.internal.ServerCallImpl$ServerStreamListenerImpl.messagesAvailable(ServerCallImpl.java:319)
	at io.grpc.internal.ServerImpl$JumpToApplicationThreadServerStreamListener$1MessagesAvailable.runInContext(ServerImpl.java:834)
	at io.grpc.internal.ContextRunnable.run(ContextRunnable.java:37)
	at io.grpc.internal.SerializingExecutor.run(SerializingExecutor.java:133)
	at java.base/java.util.concurrent.ThreadPoolExecutor.runWorker(ThreadPoolExecutor.java:1144)
	at java.base/java.util.concurrent.ThreadPoolExecutor$Worker.run(ThreadPoolExecutor.java:642)
	at java.base/java.lang.Thread.run(Thread.java:1583)

Multiple projectIds are not recommended in single project mode. Requested project ID bioblitz-live-rules-test, but the emulator is configured for bioblitz-mitosisphere. To opt-out of single project mode add/set the '"singleProjectMode": false' property in the firebase.json emulators config.
Multiple projectIds are not recommended in single project mode. Requested project ID bioblitz-live-rules-test, but the emulator is configured for bioblitz-mitosisphere. To opt-out of single project mode add/set the '"singleProjectMode": false' property in the firebase.json emulators config.
Multiple projectIds are not recommended in single project mode. Requested project ID bioblitz-rules-test, but the emulator is configured for bioblitz-mitosisphere. To opt-out of single project mode add/set the '"singleProjectMode": false' property in the firebase.json emulators config.
Multiple projectIds are not recommended in single project mode. Requested project ID bioblitz-rules-test, but the emulator is configured for bioblitz-mitosisphere. To opt-out of single project mode add/set the '"singleProjectMode": false' property in the firebase.json emulators config.
Multiple projectIds are not recommended in single project mode. Requested project ID bioblitz-rules-test, but the emulator is configured for bioblitz-mitosisphere. To opt-out of single project mode add/set the '"singleProjectMode": false' property in the firebase.json emulators config.
Multiple projectIds are not recommended in single project mode. Requested project ID bioblitz-rules-test, but the emulator is configured for bioblitz-mitosisphere. To opt-out of single project mode add/set the '"singleProjectMode": false' property in the firebase.json emulators config.
Multiple projectIds are not recommended in single project mode. Requested project ID bioblitz-live-rules-test, but the emulator is configured for bioblitz-mitosisphere. To opt-out of single project mode add/set the '"singleProjectMode": false' property in the firebase.json emulators config.
Multiple projectIds are not recommended in single project mode. Requested project ID bioblitz-live-rules-test, but the emulator is configured for bioblitz-mitosisphere. To opt-out of single project mode add/set the '"singleProjectMode": false' property in the firebase.json emulators config.
Multiple projectIds are not recommended in single project mode. Requested project ID bioblitz-rules-test, but the emulator is configured for bioblitz-mitosisphere. To opt-out of single project mode add/set the '"singleProjectMode": false' property in the firebase.json emulators config.
Multiple projectIds are not recommended in single project mode. Requested project ID bioblitz-rules-test, but the emulator is configured for bioblitz-mitosisphere. To opt-out of single project mode add/set the '"singleProjectMode": false' property in the firebase.json emulators config.
Sep 22, 2026 9:36:09 PM com.google.cloud.datastore.emulator.impl.util.WrappedStreamObserver onError
WARNING: Operation failed: 
false for 'update' @ L154
com.google.cloud.datastore.core.exception.DatastoreException: 
false for 'update' @ L154
	at com.google.cloud.datastore.core.exception.DatastoreException$Builder.build(DatastoreException.java:152)
	at com.google.cloud.datastore.emulator.impl.rules.DefaultEmulatorRulesAuthorizer.verboseError(DefaultEmulatorRulesAuthorizer.java:349)
	at com.google.cloud.datastore.emulator.impl.rules.DefaultEmulatorRulesAuthorizer.withVerboseErrors(DefaultEmulatorRulesAuthorizer.java:326)
	at com.google.cloud.datastore.emulator.impl.rules.DefaultEmulatorRulesAuthorizer.checkCommit(DefaultEmulatorRulesAuthorizer.java:114)
	at com.google.cloud.datastore.emulator.impl.firestore.FirestoreEmulatorHelper.commitHelper(FirestoreEmulatorHelper.java:386)
	at com.google.cloud.datastore.emulator.impl.firestore.FirestoreEmulatorHelper.internalCommit(FirestoreEmulatorHelper.java:336)
	at com.google.cloud.datastore.emulator.impl.firestore.CloudFirestoreV1.internalCommit(CloudFirestoreV1.java:1245)
	at com.google.cloud.datastore.emulator.impl.firestore.CloudFirestoreV1.write(CloudFirestoreV1.java:1232)
	at com.google.cloud.datastore.emulator.impl.firestore.CloudFirestoreV1WriteStream.handleRequest(CloudFirestoreV1WriteStream.java:222)
	at com.google.cloud.datastore.emulator.impl.firestore.CloudFirestoreV1WriteStream.write(CloudFirestoreV1WriteStream.java:144)
	at com.google.cloud.datastore.emulator.impl.firestore.CloudFirestoreV1WriteStream.onNext(CloudFirestoreV1WriteStream.java:99)
	at com.google.cloud.datastore.emulator.impl.firestore.CloudFirestoreV1WriteStream.onNext(CloudFirestoreV1WriteStream.java:27)
	at io.grpc.stub.ServerCalls$StreamingServerCallHandler$StreamingServerCallListener.onMessage(ServerCalls.java:262)
	at io.grpc.ForwardingServerCallListener.onMessage(ForwardingServerCallListener.java:33)
	at io.grpc.Contexts$ContextualizedServerCallListener.onMessage(Contexts.java:76)
	at io.grpc.ForwardingServerCallListener.onMessage(ForwardingServerCallListener.java:33)
	at io.grpc.Contexts$ContextualizedServerCallListener.onMessage(Contexts.java:76)
	at io.grpc.internal.ServerCallImpl$ServerStreamListenerImpl.messagesAvailableInternal(ServerCallImpl.java:334)
	at io.grpc.internal.ServerCallImpl$ServerStreamListenerImpl.messagesAvailable(ServerCallImpl.java:319)
	at io.grpc.internal.ServerImpl$JumpToApplicationThreadServerStreamListener$1MessagesAvailable.runInContext(ServerImpl.java:834)
	at io.grpc.internal.ContextRunnable.run(ContextRunnable.java:37)
	at io.grpc.internal.SerializingExecutor.run(SerializingExecutor.java:133)
	at java.base/java.util.concurrent.ThreadPoolExecutor.runWorker(ThreadPoolExecutor.java:1144)
	at java.base/java.util.concurrent.ThreadPoolExecutor$Worker.run(ThreadPoolExecutor.java:642)
	at java.base/java.lang.Thread.run(Thread.java:1583)

Multiple projectIds are not recommended in single project mode. Requested project ID bioblitz-live-rules-test, but the emulator is configured for bioblitz-mitosisphere. To opt-out of single project mode add/set the '"singleProjectMode": false' property in the firebase.json emulators config.
Multiple projectIds are not recommended in single project mode. Requested project ID bioblitz-live-rules-test, but the emulator is configured for bioblitz-mitosisphere. To opt-out of single project mode add/set the '"singleProjectMode": false' property in the firebase.json emulators config.
Multiple projectIds are not recommended in single project mode. Requested project ID bioblitz-rules-test, but the emulator is configured for bioblitz-mitosisphere. To opt-out of single project mode add/set the '"singleProjectMode": false' property in the firebase.json emulators config.
Multiple projectIds are not recommended in single project mode. Requested project ID bioblitz-rules-test, but the emulator is configured for bioblitz-mitosisphere. To opt-out of single project mode add/set the '"singleProjectMode": false' property in the firebase.json emulators config.
Multiple projectIds are not recommended in single project mode. Requested project ID bioblitz-live-rules-test, but the emulator is configured for bioblitz-mitosisphere. To opt-out of single project mode add/set the '"singleProjectMode": false' property in the firebase.json emulators config.
Multiple projectIds are not recommended in single project mode. Requested project ID bioblitz-live-rules-test, but the emulator is configured for bioblitz-mitosisphere. To opt-out of single project mode add/set the '"singleProjectMode": false' property in the firebase.json emulators config.
Sep 22, 2026 9:36:09 PM com.google.cloud.datastore.emulator.impl.util.WrappedStreamObserver onError
WARNING: Operation failed: 
evaluation error at L204:24 for 'create' @ L204, evaluation error at L223:24 for 'update' @ L223, false for 'create' @ L204
com.google.cloud.datastore.core.exception.DatastoreException: 
evaluation error at L204:24 for 'create' @ L204, evaluation error at L223:24 for 'update' @ L223, false for 'create' @ L204
	at com.google.cloud.datastore.core.exception.DatastoreException$Builder.build(DatastoreException.java:152)
	at com.google.cloud.datastore.emulator.impl.rules.DefaultEmulatorRulesAuthorizer.verboseError(DefaultEmulatorRulesAuthorizer.java:349)
	at com.google.cloud.datastore.emulator.impl.rules.DefaultEmulatorRulesAuthorizer.withVerboseErrors(DefaultEmulatorRulesAuthorizer.java:326)
	at com.google.cloud.datastore.emulator.impl.rules.DefaultEmulatorRulesAuthorizer.checkCommit(DefaultEmulatorRulesAuthorizer.java:114)
	at com.google.cloud.datastore.emulator.impl.firestore.FirestoreEmulatorHelper.commitHelper(FirestoreEmulatorHelper.java:386)
	at com.google.cloud.datastore.emulator.impl.firestore.FirestoreEmulatorHelper.internalCommit(FirestoreEmulatorHelper.java:336)
	at com.google.cloud.datastore.emulator.impl.firestore.CloudFirestoreV1.internalCommit(CloudFirestoreV1.java:1245)
	at com.google.cloud.datastore.emulator.impl.firestore.CloudFirestoreV1.write(CloudFirestoreV1.java:1232)
	at com.google.cloud.datastore.emulator.impl.firestore.CloudFirestoreV1WriteStream.handleRequest(CloudFirestoreV1WriteStream.java:222)
	at com.google.cloud.datastore.emulator.impl.firestore.CloudFirestoreV1WriteStream.write(CloudFirestoreV1WriteStream.java:144)
	at com.google.cloud.datastore.emulator.impl.firestore.CloudFirestoreV1WriteStream.onNext(CloudFirestoreV1WriteStream.java:99)
	at com.google.cloud.datastore.emulator.impl.firestore.CloudFirestoreV1WriteStream.onNext(CloudFirestoreV1WriteStream.java:27)
	at io.grpc.stub.ServerCalls$StreamingServerCallHandler$StreamingServerCallListener.onMessage(ServerCalls.java:262)
	at io.grpc.ForwardingServerCallListener.onMessage(ForwardingServerCallListener.java:33)
	at io.grpc.Contexts$ContextualizedServerCallListener.onMessage(Contexts.java:76)
	at io.grpc.ForwardingServerCallListener.onMessage(ForwardingServerCallListener.java:33)
	at io.grpc.Contexts$ContextualizedServerCallListener.onMessage(Contexts.java:76)
	at io.grpc.internal.ServerCallImpl$ServerStreamListenerImpl.messagesAvailableInternal(ServerCallImpl.java:334)
	at io.grpc.internal.ServerCallImpl$ServerStreamListenerImpl.messagesAvailable(ServerCallImpl.java:319)
	at io.grpc.internal.ServerImpl$JumpToApplicationThreadServerStreamListener$1MessagesAvailable.runInContext(ServerImpl.java:834)
	at io.grpc.internal.ContextRunnable.run(ContextRunnable.java:37)
	at io.grpc.internal.SerializingExecutor.run(SerializingExecutor.java:133)
	at java.base/java.util.concurrent.ThreadPoolExecutor.runWorker(ThreadPoolExecutor.java:1144)
	at java.base/java.util.concurrent.ThreadPoolExecutor$Worker.run(ThreadPoolExecutor.java:642)
	at java.base/java.lang.Thread.run(Thread.java:1583)

Multiple projectIds are not recommended in single project mode. Requested project ID bioblitz-rules-test, but the emulator is configured for bioblitz-mitosisphere. To opt-out of single project mode add/set the '"singleProjectMode": false' property in the firebase.json emulators config.
Multiple projectIds are not recommended in single project mode. Requested project ID bioblitz-rules-test, but the emulator is configured for bioblitz-mitosisphere. To opt-out of single project mode add/set the '"singleProjectMode": false' property in the firebase.json emulators config.
Multiple projectIds are not recommended in single project mode. Requested project ID bioblitz-rules-test, but the emulator is configured for bioblitz-mitosisphere. To opt-out of single project mode add/set the '"singleProjectMode": false' property in the firebase.json emulators config.
Multiple projectIds are not recommended in single project mode. Requested project ID bioblitz-rules-test, but the emulator is configured for bioblitz-mitosisphere. To opt-out of single project mode add/set the '"singleProjectMode": false' property in the firebase.json emulators config.
Multiple projectIds are not recommended in single project mode. Requested project ID bioblitz-live-rules-test, but the emulator is configured for bioblitz-mitosisphere. To opt-out of single project mode add/set the '"singleProjectMode": false' property in the firebase.json emulators config.
Multiple projectIds are not recommended in single project mode. Requested project ID bioblitz-live-rules-test, but the emulator is configured for bioblitz-mitosisphere. To opt-out of single project mode add/set the '"singleProjectMode": false' property in the firebase.json emulators config.
Sep 22, 2026 9:36:09 PM com.google.cloud.datastore.emulator.impl.util.WrappedStreamObserver onError
WARNING: Operation failed: 
false for 'update' @ L154
com.google.cloud.datastore.core.exception.DatastoreException: 
false for 'update' @ L154
	at com.google.cloud.datastore.core.exception.DatastoreException$Builder.build(DatastoreException.java:152)
	at com.google.cloud.datastore.emulator.impl.rules.DefaultEmulatorRulesAuthorizer.verboseError(DefaultEmulatorRulesAuthorizer.java:349)
	at com.google.cloud.datastore.emulator.impl.rules.DefaultEmulatorRulesAuthorizer.withVerboseErrors(DefaultEmulatorRulesAuthorizer.java:326)
	at com.google.cloud.datastore.emulator.impl.rules.DefaultEmulatorRulesAuthorizer.checkCommit(DefaultEmulatorRulesAuthorizer.java:114)
	at com.google.cloud.datastore.emulator.impl.firestore.FirestoreEmulatorHelper.commitHelper(FirestoreEmulatorHelper.java:386)
	at com.google.cloud.datastore.emulator.impl.firestore.FirestoreEmulatorHelper.internalCommit(FirestoreEmulatorHelper.java:336)
	at com.google.cloud.datastore.emulator.impl.firestore.CloudFirestoreV1.internalCommit(CloudFirestoreV1.java:1245)
	at com.google.cloud.datastore.emulator.impl.firestore.CloudFirestoreV1.write(CloudFirestoreV1.java:1232)
	at com.google.cloud.datastore.emulator.impl.firestore.CloudFirestoreV1WriteStream.handleRequest(CloudFirestoreV1WriteStream.java:222)
	at com.google.cloud.datastore.emulator.impl.firestore.CloudFirestoreV1WriteStream.write(CloudFirestoreV1WriteStream.java:144)
	at com.google.cloud.datastore.emulator.impl.firestore.CloudFirestoreV1WriteStream.onNext(CloudFirestoreV1WriteStream.java:99)
	at com.google.cloud.datastore.emulator.impl.firestore.CloudFirestoreV1WriteStream.onNext(CloudFirestoreV1WriteStream.java:27)
	at io.grpc.stub.ServerCalls$StreamingServerCallHandler$StreamingServerCallListener.onMessage(ServerCalls.java:262)
	at io.grpc.ForwardingServerCallListener.onMessage(ForwardingServerCallListener.java:33)
	at io.grpc.Contexts$ContextualizedServerCallListener.onMessage(Contexts.java:76)
	at io.grpc.ForwardingServerCallListener.onMessage(ForwardingServerCallListener.java:33)
	at io.grpc.Contexts$ContextualizedServerCallListener.onMessage(Contexts.java:76)
	at io.grpc.internal.ServerCallImpl$ServerStreamListenerImpl.messagesAvailableInternal(ServerCallImpl.java:334)
	at io.grpc.internal.ServerCallImpl$ServerStreamListenerImpl.messagesAvailable(ServerCallImpl.java:319)
	at io.grpc.internal.ServerImpl$JumpToApplicationThreadServerStreamListener$1MessagesAvailable.runInContext(ServerImpl.java:834)
	at io.grpc.internal.ContextRunnable.run(ContextRunnable.java:37)
	at io.grpc.internal.SerializingExecutor.run(SerializingExecutor.java:133)
	at java.base/java.util.concurrent.ThreadPoolExecutor.runWorker(ThreadPoolExecutor.java:1144)
	at java.base/java.util.concurrent.ThreadPoolExecutor$Worker.run(ThreadPoolExecutor.java:642)
	at java.base/java.lang.Thread.run(Thread.java:1583)

Multiple projectIds are not recommended in single project mode. Requested project ID bioblitz-live-rules-test, but the emulator is configured for bioblitz-mitosisphere. To opt-out of single project mode add/set the '"singleProjectMode": false' property in the firebase.json emulators config.
Multiple projectIds are not recommended in single project mode. Requested project ID bioblitz-live-rules-test, but the emulator is configured for bioblitz-mitosisphere. To opt-out of single project mode add/set the '"singleProjectMode": false' property in the firebase.json emulators config.
Multiple projectIds are not recommended in single project mode. Requested project ID bioblitz-rules-test, but the emulator is configured for bioblitz-mitosisphere. To opt-out of single project mode add/set the '"singleProjectMode": false' property in the firebase.json emulators config.
Multiple projectIds are not recommended in single project mode. Requested project ID bioblitz-rules-test, but the emulator is configured for bioblitz-mitosisphere. To opt-out of single project mode add/set the '"singleProjectMode": false' property in the firebase.json emulators config.
Multiple projectIds are not recommended in single project mode. Requested project ID bioblitz-live-rules-test, but the emulator is configured for bioblitz-mitosisphere. To opt-out of single project mode add/set the '"singleProjectMode": false' property in the firebase.json emulators config.
Multiple projectIds are not recommended in single project mode. Requested project ID bioblitz-live-rules-test, but the emulator is configured for bioblitz-mitosisphere. To opt-out of single project mode add/set the '"singleProjectMode": false' property in the firebase.json emulators config.
Multiple projectIds are not recommended in single project mode. Requested project ID bioblitz-rules-test, but the emulator is configured for bioblitz-mitosisphere. To opt-out of single project mode add/set the '"singleProjectMode": false' property in the firebase.json emulators config.
Multiple projectIds are not recommended in single project mode. Requested project ID bioblitz-rules-test, but the emulator is configured for bioblitz-mitosisphere. To opt-out of single project mode add/set the '"singleProjectMode": false' property in the firebase.json emulators config.
Multiple projectIds are not recommended in single project mode. Requested project ID bioblitz-rules-test, but the emulator is configured for bioblitz-mitosisphere. To opt-out of single project mode add/set the '"singleProjectMode": false' property in the firebase.json emulators config.
Multiple projectIds are not recommended in single project mode. Requested project ID bioblitz-rules-test, but the emulator is configured for bioblitz-mitosisphere. To opt-out of single project mode add/set the '"singleProjectMode": false' property in the firebase.json emulators config.
Multiple projectIds are not recommended in single project mode. Requested project ID bioblitz-live-rules-test, but the emulator is configured for bioblitz-mitosisphere. To opt-out of single project mode add/set the '"singleProjectMode": false' property in the firebase.json emulators config.
Multiple projectIds are not recommended in single project mode. Requested project ID bioblitz-live-rules-test, but the emulator is configured for bioblitz-mitosisphere. To opt-out of single project mode add/set the '"singleProjectMode": false' property in the firebase.json emulators config.
Multiple projectIds are not recommended in single project mode. Requested project ID bioblitz-rules-test, but the emulator is configured for bioblitz-mitosisphere. To opt-out of single project mode add/set the '"singleProjectMode": false' property in the firebase.json emulators config.
Multiple projectIds are not recommended in single project mode. Requested project ID bioblitz-rules-test, but the emulator is configured for bioblitz-mitosisphere. To opt-out of single project mode add/set the '"singleProjectMode": false' property in the firebase.json emulators config.
Sep 22, 2026 9:36:09 PM com.google.cloud.datastore.emulator.impl.util.WrappedStreamObserver onError
WARNING: Operation failed: 
false for 'update' @ L154
com.google.cloud.datastore.core.exception.DatastoreException: 
false for 'update' @ L154
	at com.google.cloud.datastore.core.exception.DatastoreException$Builder.build(DatastoreException.java:152)
	at com.google.cloud.datastore.emulator.impl.rules.DefaultEmulatorRulesAuthorizer.verboseError(DefaultEmulatorRulesAuthorizer.java:349)
	at com.google.cloud.datastore.emulator.impl.rules.DefaultEmulatorRulesAuthorizer.withVerboseErrors(DefaultEmulatorRulesAuthorizer.java:326)
	at com.google.cloud.datastore.emulator.impl.rules.DefaultEmulatorRulesAuthorizer.checkCommit(DefaultEmulatorRulesAuthorizer.java:114)
	at com.google.cloud.datastore.emulator.impl.firestore.FirestoreEmulatorHelper.commitHelper(FirestoreEmulatorHelper.java:386)
	at com.google.cloud.datastore.emulator.impl.firestore.FirestoreEmulatorHelper.internalCommit(FirestoreEmulatorHelper.java:336)
	at com.google.cloud.datastore.emulator.impl.firestore.CloudFirestoreV1.internalCommit(CloudFirestoreV1.java:1245)
	at com.google.cloud.datastore.emulator.impl.firestore.CloudFirestoreV1.write(CloudFirestoreV1.java:1232)
	at com.google.cloud.datastore.emulator.impl.firestore.CloudFirestoreV1WriteStream.handleRequest(CloudFirestoreV1WriteStream.java:222)
	at com.google.cloud.datastore.emulator.impl.firestore.CloudFirestoreV1WriteStream.write(CloudFirestoreV1WriteStream.java:144)
	at com.google.cloud.datastore.emulator.impl.firestore.CloudFirestoreV1WriteStream.onNext(CloudFirestoreV1WriteStream.java:99)
	at com.google.cloud.datastore.emulator.impl.firestore.CloudFirestoreV1WriteStream.onNext(CloudFirestoreV1WriteStream.java:27)
	at io.grpc.stub.ServerCalls$StreamingServerCallHandler$StreamingServerCallListener.onMessage(ServerCalls.java:262)
	at io.grpc.ForwardingServerCallListener.onMessage(ForwardingServerCallListener.java:33)
	at io.grpc.Contexts$ContextualizedServerCallListener.onMessage(Contexts.java:76)
	at io.grpc.ForwardingServerCallListener.onMessage(ForwardingServerCallListener.java:33)
	at io.grpc.Contexts$ContextualizedServerCallListener.onMessage(Contexts.java:76)
	at io.grpc.internal.ServerCallImpl$ServerStreamListenerImpl.messagesAvailableInternal(ServerCallImpl.java:334)
	at io.grpc.internal.ServerCallImpl$ServerStreamListenerImpl.messagesAvailable(ServerCallImpl.java:319)
	at io.grpc.internal.ServerImpl$JumpToApplicationThreadServerStreamListener$1MessagesAvailable.runInContext(ServerImpl.java:834)
	at io.grpc.internal.ContextRunnable.run(ContextRunnable.java:37)
	at io.grpc.internal.SerializingExecutor.run(SerializingExecutor.java:133)
	at java.base/java.util.concurrent.ThreadPoolExecutor.runWorker(ThreadPoolExecutor.java:1144)
	at java.base/java.util.concurrent.ThreadPoolExecutor$Worker.run(ThreadPoolExecutor.java:642)
	at java.base/java.lang.Thread.run(Thread.java:1583)

Multiple projectIds are not recommended in single project mode. Requested project ID bioblitz-live-rules-test, but the emulator is configured for bioblitz-mitosisphere. To opt-out of single project mode add/set the '"singleProjectMode": false' property in the firebase.json emulators config.
Multiple projectIds are not recommended in single project mode. Requested project ID bioblitz-live-rules-test, but the emulator is configured for bioblitz-mitosisphere. To opt-out of single project mode add/set the '"singleProjectMode": false' property in the firebase.json emulators config.
Sep 22, 2026 9:36:09 PM com.google.cloud.datastore.emulator.impl.util.WrappedStreamObserver onError
WARNING: Operation failed: 
evaluation error at L204:24 for 'create' @ L204, evaluation error at L223:24 for 'update' @ L223, false for 'create' @ L204
com.google.cloud.datastore.core.exception.DatastoreException: 
evaluation error at L204:24 for 'create' @ L204, evaluation error at L223:24 for 'update' @ L223, false for 'create' @ L204
	at com.google.cloud.datastore.core.exception.DatastoreException$Builder.build(DatastoreException.java:152)
	at com.google.cloud.datastore.emulator.impl.rules.DefaultEmulatorRulesAuthorizer.verboseError(DefaultEmulatorRulesAuthorizer.java:349)
	at com.google.cloud.datastore.emulator.impl.rules.DefaultEmulatorRulesAuthorizer.withVerboseErrors(DefaultEmulatorRulesAuthorizer.java:326)
	at com.google.cloud.datastore.emulator.impl.rules.DefaultEmulatorRulesAuthorizer.checkCommit(DefaultEmulatorRulesAuthorizer.java:114)
	at com.google.cloud.datastore.emulator.impl.firestore.FirestoreEmulatorHelper.commitHelper(FirestoreEmulatorHelper.java:386)
	at com.google.cloud.datastore.emulator.impl.firestore.FirestoreEmulatorHelper.internalCommit(FirestoreEmulatorHelper.java:336)
	at com.google.cloud.datastore.emulator.impl.firestore.CloudFirestoreV1.internalCommit(CloudFirestoreV1.java:1245)
	at com.google.cloud.datastore.emulator.impl.firestore.CloudFirestoreV1.write(CloudFirestoreV1.java:1232)
	at com.google.cloud.datastore.emulator.impl.firestore.CloudFirestoreV1WriteStream.handleRequest(CloudFirestoreV1WriteStream.java:222)
	at com.google.cloud.datastore.emulator.impl.firestore.CloudFirestoreV1WriteStream.write(CloudFirestoreV1WriteStream.java:144)
	at com.google.cloud.datastore.emulator.impl.firestore.CloudFirestoreV1WriteStream.onNext(CloudFirestoreV1WriteStream.java:99)
	at com.google.cloud.datastore.emulator.impl.firestore.CloudFirestoreV1WriteStream.onNext(CloudFirestoreV1WriteStream.java:27)
	at io.grpc.stub.ServerCalls$StreamingServerCallHandler$StreamingServerCallListener.onMessage(ServerCalls.java:262)
	at io.grpc.ForwardingServerCallListener.onMessage(ForwardingServerCallListener.java:33)
	at io.grpc.Contexts$ContextualizedServerCallListener.onMessage(Contexts.java:76)
	at io.grpc.ForwardingServerCallListener.onMessage(ForwardingServerCallListener.java:33)
	at io.grpc.Contexts$ContextualizedServerCallListener.onMessage(Contexts.java:76)
	at io.grpc.internal.ServerCallImpl$ServerStreamListenerImpl.messagesAvailableInternal(ServerCallImpl.java:334)
	at io.grpc.internal.ServerCallImpl$ServerStreamListenerImpl.messagesAvailable(ServerCallImpl.java:319)
	at io.grpc.internal.ServerImpl$JumpToApplicationThreadServerStreamListener$1MessagesAvailable.runInContext(ServerImpl.java:834)
	at io.grpc.internal.ContextRunnable.run(ContextRunnable.java:37)
	at io.grpc.internal.SerializingExecutor.run(SerializingExecutor.java:133)
	at java.base/java.util.concurrent.ThreadPoolExecutor.runWorker(ThreadPoolExecutor.java:1144)
	at java.base/java.util.concurrent.ThreadPoolExecutor$Worker.run(ThreadPoolExecutor.java:642)
	at java.base/java.lang.Thread.run(Thread.java:1583)

Sep 22, 2026 9:36:09 PM com.google.cloud.datastore.emulator.impl.util.WrappedStreamObserver onError
WARNING: Operation failed: 
false for 'update' @ L154
com.google.cloud.datastore.core.exception.DatastoreException: 
false for 'update' @ L154
	at com.google.cloud.datastore.core.exception.DatastoreException$Builder.build(DatastoreException.java:152)
	at com.google.cloud.datastore.emulator.impl.rules.DefaultEmulatorRulesAuthorizer.verboseError(DefaultEmulatorRulesAuthorizer.java:349)
	at com.google.cloud.datastore.emulator.impl.rules.DefaultEmulatorRulesAuthorizer.withVerboseErrors(DefaultEmulatorRulesAuthorizer.java:326)
	at com.google.cloud.datastore.emulator.impl.rules.DefaultEmulatorRulesAuthorizer.checkCommit(DefaultEmulatorRulesAuthorizer.java:114)
	at com.google.cloud.datastore.emulator.impl.firestore.FirestoreEmulatorHelper.commitHelper(FirestoreEmulatorHelper.java:386)
	at com.google.cloud.datastore.emulator.impl.firestore.FirestoreEmulatorHelper.internalCommit(FirestoreEmulatorHelper.java:336)
	at com.google.cloud.datastore.emulator.impl.firestore.CloudFirestoreV1.internalCommit(CloudFirestoreV1.java:1245)
	at com.google.cloud.datastore.emulator.impl.firestore.CloudFirestoreV1.write(CloudFirestoreV1.java:1232)
	at com.google.cloud.datastore.emulator.impl.firestore.CloudFirestoreV1WriteStream.handleRequest(CloudFirestoreV1WriteStream.java:222)
	at com.google.cloud.datastore.emulator.impl.firestore.CloudFirestoreV1WriteStream.write(CloudFirestoreV1WriteStream.java:144)
	at com.google.cloud.datastore.emulator.impl.firestore.CloudFirestoreV1WriteStream.onNext(CloudFirestoreV1WriteStream.java:99)
	at com.google.cloud.datastore.emulator.impl.firestore.CloudFirestoreV1WriteStream.onNext(CloudFirestoreV1WriteStream.java:27)
	at io.grpc.stub.ServerCalls$StreamingServerCallHandler$StreamingServerCallListener.onMessage(ServerCalls.java:262)
	at io.grpc.ForwardingServerCallListener.onMessage(ForwardingServerCallListener.java:33)
	at io.grpc.Contexts$ContextualizedServerCallListener.onMessage(Contexts.java:76)
	at io.grpc.ForwardingServerCallListener.onMessage(ForwardingServerCallListener.java:33)
	at io.grpc.Contexts$ContextualizedServerCallListener.onMessage(Contexts.java:76)
	at io.grpc.internal.ServerCallImpl$ServerStreamListenerImpl.messagesAvailableInternal(ServerCallImpl.java:334)
	at io.grpc.internal.ServerCallImpl$ServerStreamListenerImpl.messagesAvailable(ServerCallImpl.java:319)
	at io.grpc.internal.ServerImpl$JumpToApplicationThreadServerStreamListener$1MessagesAvailable.runInContext(ServerImpl.java:834)
	at io.grpc.internal.ContextRunnable.run(ContextRunnable.java:37)
	at io.grpc.internal.SerializingExecutor.run(SerializingExecutor.java:133)
	at java.base/java.util.concurrent.ThreadPoolExecutor.runWorker(ThreadPoolExecutor.java:1144)
	at java.base/java.util.concurrent.ThreadPoolExecutor$Worker.run(ThreadPoolExecutor.java:642)
	at java.base/java.lang.Thread.run(Thread.java:1583)

Multiple projectIds are not recommended in single project mode. Requested project ID bioblitz-rules-test, but the emulator is configured for bioblitz-mitosisphere. To opt-out of single project mode add/set the '"singleProjectMode": false' property in the firebase.json emulators config.
Multiple projectIds are not recommended in single project mode. Requested project ID bioblitz-rules-test, but the emulator is configured for bioblitz-mitosisphere. To opt-out of single project mode add/set the '"singleProjectMode": false' property in the firebase.json emulators config.
Multiple projectIds are not recommended in single project mode. Requested project ID bioblitz-live-rules-test, but the emulator is configured for bioblitz-mitosisphere. To opt-out of single project mode add/set the '"singleProjectMode": false' property in the firebase.json emulators config.
Multiple projectIds are not recommended in single project mode. Requested project ID bioblitz-live-rules-test, but the emulator is configured for bioblitz-mitosisphere. To opt-out of single project mode add/set the '"singleProjectMode": false' property in the firebase.json emulators config.
Multiple projectIds are not recommended in single project mode. Requested project ID bioblitz-rules-test, but the emulator is configured for bioblitz-mitosisphere. To opt-out of single project mode add/set the '"singleProjectMode": false' property in the firebase.json emulators config.
Multiple projectIds are not recommended in single project mode. Requested project ID bioblitz-rules-test, but the emulator is configured for bioblitz-mitosisphere. To opt-out of single project mode add/set the '"singleProjectMode": false' property in the firebase.json emulators config.
Multiple projectIds are not recommended in single project mode. Requested project ID bioblitz-live-rules-test, but the emulator is configured for bioblitz-mitosisphere. To opt-out of single project mode add/set the '"singleProjectMode": false' property in the firebase.json emulators config.
Multiple projectIds are not recommended in single project mode. Requested project ID bioblitz-live-rules-test, but the emulator is configured for bioblitz-mitosisphere. To opt-out of single project mode add/set the '"singleProjectMode": false' property in the firebase.json emulators config.
Multiple projectIds are not recommended in single project mode. Requested project ID bioblitz-rules-test, but the emulator is configured for bioblitz-mitosisphere. To opt-out of single project mode add/set the '"singleProjectMode": false' property in the firebase.json emulators config.
Multiple projectIds are not recommended in single project mode. Requested project ID bioblitz-rules-test, but the emulator is configured for bioblitz-mitosisphere. To opt-out of single project mode add/set the '"singleProjectMode": false' property in the firebase.json emulators config.
Multiple projectIds are not recommended in single project mode. Requested project ID bioblitz-live-rules-test, but the emulator is configured for bioblitz-mitosisphere. To opt-out of single project mode add/set the '"singleProjectMode": false' property in the firebase.json emulators config.
Multiple projectIds are not recommended in single project mode. Requested project ID bioblitz-live-rules-test, but the emulator is configured for bioblitz-mitosisphere. To opt-out of single project mode add/set the '"singleProjectMode": false' property in the firebase.json emulators config.
Multiple projectIds are not recommended in single project mode. Requested project ID bioblitz-rules-test, but the emulator is configured for bioblitz-mitosisphere. To opt-out of single project mode add/set the '"singleProjectMode": false' property in the firebase.json emulators config.
Multiple projectIds are not recommended in single project mode. Requested project ID bioblitz-rules-test, but the emulator is configured for bioblitz-mitosisphere. To opt-out of single project mode add/set the '"singleProjectMode": false' property in the firebase.json emulators config.
Sep 22, 2026 9:36:09 PM com.google.cloud.datastore.emulator.impl.util.WrappedStreamObserver onError
WARNING: Operation failed: 
false for 'update' @ L154
com.google.cloud.datastore.core.exception.DatastoreException: 
false for 'update' @ L154
	at com.google.cloud.datastore.core.exception.DatastoreException$Builder.build(DatastoreException.java:152)
	at com.google.cloud.datastore.emulator.impl.rules.DefaultEmulatorRulesAuthorizer.verboseError(DefaultEmulatorRulesAuthorizer.java:349)
	at com.google.cloud.datastore.emulator.impl.rules.DefaultEmulatorRulesAuthorizer.withVerboseErrors(DefaultEmulatorRulesAuthorizer.java:326)
	at com.google.cloud.datastore.emulator.impl.rules.DefaultEmulatorRulesAuthorizer.checkCommit(DefaultEmulatorRulesAuthorizer.java:114)
	at com.google.cloud.datastore.emulator.impl.firestore.FirestoreEmulatorHelper.commitHelper(FirestoreEmulatorHelper.java:386)
	at com.google.cloud.datastore.emulator.impl.firestore.FirestoreEmulatorHelper.internalCommit(FirestoreEmulatorHelper.java:336)
	at com.google.cloud.datastore.emulator.impl.firestore.CloudFirestoreV1.internalCommit(CloudFirestoreV1.java:1245)
	at com.google.cloud.datastore.emulator.impl.firestore.CloudFirestoreV1.write(CloudFirestoreV1.java:1232)
	at com.google.cloud.datastore.emulator.impl.firestore.CloudFirestoreV1WriteStream.handleRequest(CloudFirestoreV1WriteStream.java:222)
	at com.google.cloud.datastore.emulator.impl.firestore.CloudFirestoreV1WriteStream.write(CloudFirestoreV1WriteStream.java:144)
	at com.google.cloud.datastore.emulator.impl.firestore.CloudFirestoreV1WriteStream.onNext(CloudFirestoreV1WriteStream.java:99)
	at com.google.cloud.datastore.emulator.impl.firestore.CloudFirestoreV1WriteStream.onNext(CloudFirestoreV1WriteStream.java:27)
	at io.grpc.stub.ServerCalls$StreamingServerCallHandler$StreamingServerCallListener.onMessage(ServerCalls.java:262)
	at io.grpc.ForwardingServerCallListener.onMessage(ForwardingServerCallListener.java:33)
	at io.grpc.Contexts$ContextualizedServerCallListener.onMessage(Contexts.java:76)
	at io.grpc.ForwardingServerCallListener.onMessage(ForwardingServerCallListener.java:33)
	at io.grpc.Contexts$ContextualizedServerCallListener.onMessage(Contexts.java:76)
	at io.grpc.internal.ServerCallImpl$ServerStreamListenerImpl.messagesAvailableInternal(ServerCallImpl.java:334)
	at io.grpc.internal.ServerCallImpl$ServerStreamListenerImpl.messagesAvailable(ServerCallImpl.java:319)
	at io.grpc.internal.ServerImpl$JumpToApplicationThreadServerStreamListener$1MessagesAvailable.runInContext(ServerImpl.java:834)
	at io.grpc.internal.ContextRunnable.run(ContextRunnable.java:37)
	at io.grpc.internal.SerializingExecutor.run(SerializingExecutor.java:133)
	at java.base/java.util.concurrent.ThreadPoolExecutor.runWorker(ThreadPoolExecutor.java:1144)
	at java.base/java.util.concurrent.ThreadPoolExecutor$Worker.run(ThreadPoolExecutor.java:642)
	at java.base/java.lang.Thread.run(Thread.java:1583)

Sep 22, 2026 9:36:09 PM com.google.cloud.datastore.emulator.impl.util.WrappedStreamObserver onError
WARNING: Operation failed: 
evaluation error at L204:24 for 'create' @ L204, evaluation error at L223:24 for 'update' @ L223, false for 'create' @ L204
com.google.cloud.datastore.core.exception.DatastoreException: 
evaluation error at L204:24 for 'create' @ L204, evaluation error at L223:24 for 'update' @ L223, false for 'create' @ L204
	at com.google.cloud.datastore.core.exception.DatastoreException$Builder.build(DatastoreException.java:152)
	at com.google.cloud.datastore.emulator.impl.rules.DefaultEmulatorRulesAuthorizer.verboseError(DefaultEmulatorRulesAuthorizer.java:349)
	at com.google.cloud.datastore.emulator.impl.rules.DefaultEmulatorRulesAuthorizer.withVerboseErrors(DefaultEmulatorRulesAuthorizer.java:326)
	at com.google.cloud.datastore.emulator.impl.rules.DefaultEmulatorRulesAuthorizer.checkCommit(DefaultEmulatorRulesAuthorizer.java:114)
	at com.google.cloud.datastore.emulator.impl.firestore.FirestoreEmulatorHelper.commitHelper(FirestoreEmulatorHelper.java:386)
	at com.google.cloud.datastore.emulator.impl.firestore.FirestoreEmulatorHelper.internalCommit(FirestoreEmulatorHelper.java:336)
	at com.google.cloud.datastore.emulator.impl.firestore.CloudFirestoreV1.internalCommit(CloudFirestoreV1.java:1245)
	at com.google.cloud.datastore.emulator.impl.firestore.CloudFirestoreV1.write(CloudFirestoreV1.java:1232)
	at com.google.cloud.datastore.emulator.impl.firestore.CloudFirestoreV1WriteStream.handleRequest(CloudFirestoreV1WriteStream.java:222)
	at com.google.cloud.datastore.emulator.impl.firestore.CloudFirestoreV1WriteStream.write(CloudFirestoreV1WriteStream.java:144)
	at com.google.cloud.datastore.emulator.impl.firestore.CloudFirestoreV1WriteStream.onNext(CloudFirestoreV1WriteStream.java:99)
	at com.google.cloud.datastore.emulator.impl.firestore.CloudFirestoreV1WriteStream.onNext(CloudFirestoreV1WriteStream.java:27)
	at io.grpc.stub.ServerCalls$StreamingServerCallHandler$StreamingServerCallListener.onMessage(ServerCalls.java:262)
	at io.grpc.ForwardingServerCallListener.onMessage(ForwardingServerCallListener.java:33)
	at io.grpc.Contexts$ContextualizedServerCallListener.onMessage(Contexts.java:76)
	at io.grpc.ForwardingServerCallListener.onMessage(ForwardingServerCallListener.java:33)
	at io.grpc.Contexts$ContextualizedServerCallListener.onMessage(Contexts.java:76)
	at io.grpc.internal.ServerCallImpl$ServerStreamListenerImpl.messagesAvailableInternal(ServerCallImpl.java:334)
	at io.grpc.internal.ServerCallImpl$ServerStreamListenerImpl.messagesAvailable(ServerCallImpl.java:319)
	at io.grpc.internal.ServerImpl$JumpToApplicationThreadServerStreamListener$1MessagesAvailable.runInContext(ServerImpl.java:834)
	at io.grpc.internal.ContextRunnable.run(ContextRunnable.java:37)
	at io.grpc.internal.SerializingExecutor.run(SerializingExecutor.java:133)
	at java.base/java.util.concurrent.ThreadPoolExecutor.runWorker(ThreadPoolExecutor.java:1144)
	at java.base/java.util.concurrent.ThreadPoolExecutor$Worker.run(ThreadPoolExecutor.java:642)
	at java.base/java.lang.Thread.run(Thread.java:1583)

Multiple projectIds are not recommended in single project mode. Requested project ID bioblitz-live-rules-test, but the emulator is configured for bioblitz-mitosisphere. To opt-out of single project mode add/set the '"singleProjectMode": false' property in the firebase.json emulators config.
Multiple projectIds are not recommended in single project mode. Requested project ID bioblitz-live-rules-test, but the emulator is configured for bioblitz-mitosisphere. To opt-out of single project mode add/set the '"singleProjectMode": false' property in the firebase.json emulators config.
Multiple projectIds are not recommended in single project mode. Requested project ID bioblitz-rules-test, but the emulator is configured for bioblitz-mitosisphere. To opt-out of single project mode add/set the '"singleProjectMode": false' property in the firebase.json emulators config.
Multiple projectIds are not recommended in single project mode. Requested project ID bioblitz-rules-test, but the emulator is configured for bioblitz-mitosisphere. To opt-out of single project mode add/set the '"singleProjectMode": false' property in the firebase.json emulators config.
Multiple projectIds are not recommended in single project mode. Requested project ID bioblitz-live-rules-test, but the emulator is configured for bioblitz-mitosisphere. To opt-out of single project mode add/set the '"singleProjectMode": false' property in the firebase.json emulators config.
Multiple projectIds are not recommended in single project mode. Requested project ID bioblitz-live-rules-test, but the emulator is configured for bioblitz-mitosisphere. To opt-out of single project mode add/set the '"singleProjectMode": false' property in the firebase.json emulators config.
Multiple projectIds are not recommended in single project mode. Requested project ID bioblitz-rules-test, but the emulator is configured for bioblitz-mitosisphere. To opt-out of single project mode add/set the '"singleProjectMode": false' property in the firebase.json emulators config.
Multiple projectIds are not recommended in single project mode. Requested project ID bioblitz-rules-test, but the emulator is configured for bioblitz-mitosisphere. To opt-out of single project mode add/set the '"singleProjectMode": false' property in the firebase.json emulators config.
Multiple projectIds are not recommended in single project mode. Requested project ID bioblitz-rules-test, but the emulator is configured for bioblitz-mitosisphere. To opt-out of single project mode add/set the '"singleProjectMode": false' property in the firebase.json emulators config.
Multiple projectIds are not recommended in single project mode. Requested project ID bioblitz-rules-test, but the emulator is configured for bioblitz-mitosisphere. To opt-out of single project mode add/set the '"singleProjectMode": false' property in the firebase.json emulators config.
Multiple projectIds are not recommended in single project mode. Requested project ID bioblitz-live-rules-test, but the emulator is configured for bioblitz-mitosisphere. To opt-out of single project mode add/set the '"singleProjectMode": false' property in the firebase.json emulators config.
Multiple projectIds are not recommended in single project mode. Requested project ID bioblitz-live-rules-test, but the emulator is configured for bioblitz-mitosisphere. To opt-out of single project mode add/set the '"singleProjectMode": false' property in the firebase.json emulators config.
Multiple projectIds are not recommended in single project mode. Requested project ID bioblitz-rules-test, but the emulator is configured for bioblitz-mitosisphere. To opt-out of single project mode add/set the '"singleProjectMode": false' property in the firebase.json emulators config.
Multiple projectIds are not recommended in single project mode. Requested project ID bioblitz-rules-test, but the emulator is configured for bioblitz-mitosisphere. To opt-out of single project mode add/set the '"singleProjectMode": false' property in the firebase.json emulators config.
Multiple projectIds are not recommended in single project mode. Requested project ID bioblitz-live-rules-test, but the emulator is configured for bioblitz-mitosisphere. To opt-out of single project mode add/set the '"singleProjectMode": false' property in the firebase.json emulators config.
Multiple projectIds are not recommended in single project mode. Requested project ID bioblitz-live-rules-test, but the emulator is configured for bioblitz-mitosisphere. To opt-out of single project mode add/set the '"singleProjectMode": false' property in the firebase.json emulators config.
Sep 22, 2026 9:36:09 PM com.google.cloud.datastore.emulator.impl.util.WrappedStreamObserver onError
WARNING: Operation failed: 
false for 'create' @ L204, false for 'update' @ L223
com.google.cloud.datastore.core.exception.DatastoreException: 
false for 'create' @ L204, false for 'update' @ L223
	at com.google.cloud.datastore.core.exception.DatastoreException$Builder.build(DatastoreException.java:152)
	at com.google.cloud.datastore.emulator.impl.rules.DefaultEmulatorRulesAuthorizer.verboseError(DefaultEmulatorRulesAuthorizer.java:349)
	at com.google.cloud.datastore.emulator.impl.rules.DefaultEmulatorRulesAuthorizer.withVerboseErrors(DefaultEmulatorRulesAuthorizer.java:326)
	at com.google.cloud.datastore.emulator.impl.rules.DefaultEmulatorRulesAuthorizer.checkCommit(DefaultEmulatorRulesAuthorizer.java:114)
	at com.google.cloud.datastore.emulator.impl.firestore.FirestoreEmulatorHelper.commitHelper(FirestoreEmulatorHelper.java:386)
	at com.google.cloud.datastore.emulator.impl.firestore.FirestoreEmulatorHelper.internalCommit(FirestoreEmulatorHelper.java:336)
	at com.google.cloud.datastore.emulator.impl.firestore.CloudFirestoreV1.internalCommit(CloudFirestoreV1.java:1245)
	at com.google.cloud.datastore.emulator.impl.firestore.CloudFirestoreV1.write(CloudFirestoreV1.java:1232)
	at com.google.cloud.datastore.emulator.impl.firestore.CloudFirestoreV1WriteStream.handleRequest(CloudFirestoreV1WriteStream.java:222)
	at com.google.cloud.datastore.emulator.impl.firestore.CloudFirestoreV1WriteStream.write(CloudFirestoreV1WriteStream.java:144)
	at com.google.cloud.datastore.emulator.impl.firestore.CloudFirestoreV1WriteStream.onNext(CloudFirestoreV1WriteStream.java:99)
	at com.google.cloud.datastore.emulator.impl.firestore.CloudFirestoreV1WriteStream.onNext(CloudFirestoreV1WriteStream.java:27)
	at io.grpc.stub.ServerCalls$StreamingServerCallHandler$StreamingServerCallListener.onMessage(ServerCalls.java:262)
	at io.grpc.ForwardingServerCallListener.onMessage(ForwardingServerCallListener.java:33)
	at io.grpc.Contexts$ContextualizedServerCallListener.onMessage(Contexts.java:76)
	at io.grpc.ForwardingServerCallListener.onMessage(ForwardingServerCallListener.java:33)
	at io.grpc.Contexts$ContextualizedServerCallListener.onMessage(Contexts.java:76)
	at io.grpc.internal.ServerCallImpl$ServerStreamListenerImpl.messagesAvailableInternal(ServerCallImpl.java:334)
	at io.grpc.internal.ServerCallImpl$ServerStreamListenerImpl.messagesAvailable(ServerCallImpl.java:319)
	at io.grpc.internal.ServerImpl$JumpToApplicationThreadServerStreamListener$1MessagesAvailable.runInContext(ServerImpl.java:834)
	at io.grpc.internal.ContextRunnable.run(ContextRunnable.java:37)
	at io.grpc.internal.SerializingExecutor.run(SerializingExecutor.java:133)
	at java.base/java.util.concurrent.ThreadPoolExecutor.runWorker(ThreadPoolExecutor.java:1144)
	at java.base/java.util.concurrent.ThreadPoolExecutor$Worker.run(ThreadPoolExecutor.java:642)
	at java.base/java.lang.Thread.run(Thread.java:1583)

Multiple projectIds are not recommended in single project mode. Requested project ID bioblitz-rules-test, but the emulator is configured for bioblitz-mitosisphere. To opt-out of single project mode add/set the '"singleProjectMode": false' property in the firebase.json emulators config.
Multiple projectIds are not recommended in single project mode. Requested project ID bioblitz-rules-test, but the emulator is configured for bioblitz-mitosisphere. To opt-out of single project mode add/set the '"singleProjectMode": false' property in the firebase.json emulators config.
Multiple projectIds are not recommended in single project mode. Requested project ID bioblitz-live-rules-test, but the emulator is configured for bioblitz-mitosisphere. To opt-out of single project mode add/set the '"singleProjectMode": false' property in the firebase.json emulators config.
Multiple projectIds are not recommended in single project mode. Requested project ID bioblitz-live-rules-test, but the emulator is configured for bioblitz-mitosisphere. To opt-out of single project mode add/set the '"singleProjectMode": false' property in the firebase.json emulators config.
Multiple projectIds are not recommended in single project mode. Requested project ID bioblitz-rules-test, but the emulator is configured for bioblitz-mitosisphere. To opt-out of single project mode add/set the '"singleProjectMode": false' property in the firebase.json emulators config.
Multiple projectIds are not recommended in single project mode. Requested project ID bioblitz-rules-test, but the emulator is configured for bioblitz-mitosisphere. To opt-out of single project mode add/set the '"singleProjectMode": false' property in the firebase.json emulators config.
Multiple projectIds are not recommended in single project mode. Requested project ID bioblitz-live-rules-test, but the emulator is configured for bioblitz-mitosisphere. To opt-out of single project mode add/set the '"singleProjectMode": false' property in the firebase.json emulators config.
Multiple projectIds are not recommended in single project mode. Requested project ID bioblitz-live-rules-test, but the emulator is configured for bioblitz-mitosisphere. To opt-out of single project mode add/set the '"singleProjectMode": false' property in the firebase.json emulators config.
Multiple projectIds are not recommended in single project mode. Requested project ID bioblitz-rules-test, but the emulator is configured for bioblitz-mitosisphere. To opt-out of single project mode add/set the '"singleProjectMode": false' property in the firebase.json emulators config.
Multiple projectIds are not recommended in single project mode. Requested project ID bioblitz-rules-test, but the emulator is configured for bioblitz-mitosisphere. To opt-out of single project mode add/set the '"singleProjectMode": false' property in the firebase.json emulators config.
Multiple projectIds are not recommended in single project mode. Requested project ID bioblitz-live-rules-test, but the emulator is configured for bioblitz-mitosisphere. To opt-out of single project mode add/set the '"singleProjectMode": false' property in the firebase.json emulators config.
Multiple projectIds are not recommended in single project mode. Requested project ID bioblitz-live-rules-test, but the emulator is configured for bioblitz-mitosisphere. To opt-out of single project mode add/set the '"singleProjectMode": false' property in the firebase.json emulators config.
Multiple projectIds are not recommended in single project mode. Requested project ID bioblitz-rules-test, but the emulator is configured for bioblitz-mitosisphere. To opt-out of single project mode add/set the '"singleProjectMode": false' property in the firebase.json emulators config.
Multiple projectIds are not recommended in single project mode. Requested project ID bioblitz-rules-test, but the emulator is configured for bioblitz-mitosisphere. To opt-out of single project mode add/set the '"singleProjectMode": false' property in the firebase.json emulators config.
Multiple projectIds are not recommended in single project mode. Requested project ID bioblitz-live-rules-test, but the emulator is configured for bioblitz-mitosisphere. To opt-out of single project mode add/set the '"singleProjectMode": false' property in the firebase.json emulators config.
Multiple projectIds are not recommended in single project mode. Requested project ID bioblitz-live-rules-test, but the emulator is configured for bioblitz-mitosisphere. To opt-out of single project mode add/set the '"singleProjectMode": false' property in the firebase.json emulators config.
Sep 22, 2026 9:36:09 PM com.google.cloud.datastore.emulator.impl.util.WrappedStreamObserver onError
WARNING: Operation failed: 
evaluation error at L204:24 for 'create' @ L204, evaluation error at L223:24 for 'update' @ L223, false for 'create' @ L204
com.google.cloud.datastore.core.exception.DatastoreException: 
evaluation error at L204:24 for 'create' @ L204, evaluation error at L223:24 for 'update' @ L223, false for 'create' @ L204
	at com.google.cloud.datastore.core.exception.DatastoreException$Builder.build(DatastoreException.java:152)
	at com.google.cloud.datastore.emulator.impl.rules.DefaultEmulatorRulesAuthorizer.verboseError(DefaultEmulatorRulesAuthorizer.java:349)
	at com.google.cloud.datastore.emulator.impl.rules.DefaultEmulatorRulesAuthorizer.withVerboseErrors(DefaultEmulatorRulesAuthorizer.java:326)
	at com.google.cloud.datastore.emulator.impl.rules.DefaultEmulatorRulesAuthorizer.checkCommit(DefaultEmulatorRulesAuthorizer.java:114)
	at com.google.cloud.datastore.emulator.impl.firestore.FirestoreEmulatorHelper.commitHelper(FirestoreEmulatorHelper.java:386)
	at com.google.cloud.datastore.emulator.impl.firestore.FirestoreEmulatorHelper.internalCommit(FirestoreEmulatorHelper.java:336)
	at com.google.cloud.datastore.emulator.impl.firestore.CloudFirestoreV1.internalCommit(CloudFirestoreV1.java:1245)
	at com.google.cloud.datastore.emulator.impl.firestore.CloudFirestoreV1.write(CloudFirestoreV1.java:1232)
	at com.google.cloud.datastore.emulator.impl.firestore.CloudFirestoreV1WriteStream.handleRequest(CloudFirestoreV1WriteStream.java:222)
	at com.google.cloud.datastore.emulator.impl.firestore.CloudFirestoreV1WriteStream.write(CloudFirestoreV1WriteStream.java:144)
	at com.google.cloud.datastore.emulator.impl.firestore.CloudFirestoreV1WriteStream.onNext(CloudFirestoreV1WriteStream.java:99)
	at com.google.cloud.datastore.emulator.impl.firestore.CloudFirestoreV1WriteStream.onNext(CloudFirestoreV1WriteStream.java:27)
	at io.grpc.stub.ServerCalls$StreamingServerCallHandler$StreamingServerCallListener.onMessage(ServerCalls.java:262)
	at io.grpc.ForwardingServerCallListener.onMessage(ForwardingServerCallListener.java:33)
	at io.grpc.Contexts$ContextualizedServerCallListener.onMessage(Contexts.java:76)
	at io.grpc.ForwardingServerCallListener.onMessage(ForwardingServerCallListener.java:33)
	at io.grpc.Contexts$ContextualizedServerCallListener.onMessage(Contexts.java:76)
	at io.grpc.internal.ServerCallImpl$ServerStreamListenerImpl.messagesAvailableInternal(ServerCallImpl.java:334)
	at io.grpc.internal.ServerCallImpl$ServerStreamListenerImpl.messagesAvailable(ServerCallImpl.java:319)
	at io.grpc.internal.ServerImpl$JumpToApplicationThreadServerStreamListener$1MessagesAvailable.runInContext(ServerImpl.java:834)
	at io.grpc.internal.ContextRunnable.run(ContextRunnable.java:37)
	at io.grpc.internal.SerializingExecutor.run(SerializingExecutor.java:133)
	at java.base/java.util.concurrent.ThreadPoolExecutor.runWorker(ThreadPoolExecutor.java:1144)
	at java.base/java.util.concurrent.ThreadPoolExecutor$Worker.run(ThreadPoolExecutor.java:642)
	at java.base/java.lang.Thread.run(Thread.java:1583)

Multiple projectIds are not recommended in single project mode. Requested project ID bioblitz-live-rules-test, but the emulator is configured for bioblitz-mitosisphere. To opt-out of single project mode add/set the '"singleProjectMode": false' property in the firebase.json emulators config.
Multiple projectIds are not recommended in single project mode. Requested project ID bioblitz-live-rules-test, but the emulator is configured for bioblitz-mitosisphere. To opt-out of single project mode add/set the '"singleProjectMode": false' property in the firebase.json emulators config.
Multiple projectIds are not recommended in single project mode. Requested project ID bioblitz-rules-test, but the emulator is configured for bioblitz-mitosisphere. To opt-out of single project mode add/set the '"singleProjectMode": false' property in the firebase.json emulators config.
Multiple projectIds are not recommended in single project mode. Requested project ID bioblitz-rules-test, but the emulator is configured for bioblitz-mitosisphere. To opt-out of single project mode add/set the '"singleProjectMode": false' property in the firebase.json emulators config.
Multiple projectIds are not recommended in single project mode. Requested project ID bioblitz-rules-test, but the emulator is configured for bioblitz-mitosisphere. To opt-out of single project mode add/set the '"singleProjectMode": false' property in the firebase.json emulators config.
Multiple projectIds are not recommended in single project mode. Requested project ID bioblitz-rules-test, but the emulator is configured for bioblitz-mitosisphere. To opt-out of single project mode add/set the '"singleProjectMode": false' property in the firebase.json emulators config.
Multiple projectIds are not recommended in single project mode. Requested project ID bioblitz-live-rules-test, but the emulator is configured for bioblitz-mitosisphere. To opt-out of single project mode add/set the '"singleProjectMode": false' property in the firebase.json emulators config.
Multiple projectIds are not recommended in single project mode. Requested project ID bioblitz-live-rules-test, but the emulator is configured for bioblitz-mitosisphere. To opt-out of single project mode add/set the '"singleProjectMode": false' property in the firebase.json emulators config.
Multiple projectIds are not recommended in single project mode. Requested project ID bioblitz-rules-test, but the emulator is configured for bioblitz-mitosisphere. To opt-out of single project mode add/set the '"singleProjectMode": false' property in the firebase.json emulators config.
Multiple projectIds are not recommended in single project mode. Requested project ID bioblitz-rules-test, but the emulator is configured for bioblitz-mitosisphere. To opt-out of single project mode add/set the '"singleProjectMode": false' property in the firebase.json emulators config.
Multiple projectIds are not recommended in single project mode. Requested project ID bioblitz-live-rules-test, but the emulator is configured for bioblitz-mitosisphere. To opt-out of single project mode add/set the '"singleProjectMode": false' property in the firebase.json emulators config.
Multiple projectIds are not recommended in single project mode. Requested project ID bioblitz-live-rules-test, but the emulator is configured for bioblitz-mitosisphere. To opt-out of single project mode add/set the '"singleProjectMode": false' property in the firebase.json emulators config.
Multiple projectIds are not recommended in single project mode. Requested project ID bioblitz-rules-test, but the emulator is configured for bioblitz-mitosisphere. To opt-out of single project mode add/set the '"singleProjectMode": false' property in the firebase.json emulators config.
Multiple projectIds are not recommended in single project mode. Requested project ID bioblitz-rules-test, but the emulator is configured for bioblitz-mitosisphere. To opt-out of single project mode add/set the '"singleProjectMode": false' property in the firebase.json emulators config.
Multiple projectIds are not recommended in single project mode. Requested project ID bioblitz-live-rules-test, but the emulator is configured for bioblitz-mitosisphere. To opt-out of single project mode add/set the '"singleProjectMode": false' property in the firebase.json emulators config.
Multiple projectIds are not recommended in single project mode. Requested project ID bioblitz-live-rules-test, but the emulator is configured for bioblitz-mitosisphere. To opt-out of single project mode add/set the '"singleProjectMode": false' property in the firebase.json emulators config.
Multiple projectIds are not recommended in single project mode. Requested project ID bioblitz-live-rules-test, but the emulator is configured for bioblitz-mitosisphere. To opt-out of single project mode add/set the '"singleProjectMode": false' property in the firebase.json emulators config.
Multiple projectIds are not recommended in single project mode. Requested project ID bioblitz-live-rules-test, but the emulator is configured for bioblitz-mitosisphere. To opt-out of single project mode add/set the '"singleProjectMode": false' property in the firebase.json emulators config.
Multiple projectIds are not recommended in single project mode. Requested project ID bioblitz-rules-test, but the emulator is configured for bioblitz-mitosisphere. To opt-out of single project mode add/set the '"singleProjectMode": false' property in the firebase.json emulators config.
Multiple projectIds are not recommended in single project mode. Requested project ID bioblitz-rules-test, but the emulator is configured for bioblitz-mitosisphere. To opt-out of single project mode add/set the '"singleProjectMode": false' property in the firebase.json emulators config.
Multiple projectIds are not recommended in single project mode. Requested project ID bioblitz-rules-test, but the emulator is configured for bioblitz-mitosisphere. To opt-out of single project mode add/set the '"singleProjectMode": false' property in the firebase.json emulators config.
Multiple projectIds are not recommended in single project mode. Requested project ID bioblitz-rules-test, but the emulator is configured for bioblitz-mitosisphere. To opt-out of single project mode add/set the '"singleProjectMode": false' property in the firebase.json emulators config.
Multiple projectIds are not recommended in single project mode. Requested project ID bioblitz-live-rules-test, but the emulator is configured for bioblitz-mitosisphere. To opt-out of single project mode add/set the '"singleProjectMode": false' property in the firebase.json emulators config.
Multiple projectIds are not recommended in single project mode. Requested project ID bioblitz-live-rules-test, but the emulator is configured for bioblitz-mitosisphere. To opt-out of single project mode add/set the '"singleProjectMode": false' property in the firebase.json emulators config.
Multiple projectIds are not recommended in single project mode. Requested project ID bioblitz-rules-test, but the emulator is configured for bioblitz-mitosisphere. To opt-out of single project mode add/set the '"singleProjectMode": false' property in the firebase.json emulators config.
Multiple projectIds are not recommended in single project mode. Requested project ID bioblitz-rules-test, but the emulator is configured for bioblitz-mitosisphere. To opt-out of single project mode add/set the '"singleProjectMode": false' property in the firebase.json emulators config.
Sep 22, 2026 9:36:09 PM com.google.cloud.datastore.emulator.impl.util.WrappedStreamObserver onError
WARNING: Operation failed: 
false for 'create' @ L161, false for 'update' @ L161
com.google.cloud.datastore.core.exception.DatastoreException: 
false for 'create' @ L161, false for 'update' @ L161
	at com.google.cloud.datastore.core.exception.DatastoreException$Builder.build(DatastoreException.java:152)
	at com.google.cloud.datastore.emulator.impl.rules.DefaultEmulatorRulesAuthorizer.verboseError(DefaultEmulatorRulesAuthorizer.java:349)
	at com.google.cloud.datastore.emulator.impl.rules.DefaultEmulatorRulesAuthorizer.withVerboseErrors(DefaultEmulatorRulesAuthorizer.java:326)
	at com.google.cloud.datastore.emulator.impl.rules.DefaultEmulatorRulesAuthorizer.checkCommit(DefaultEmulatorRulesAuthorizer.java:114)
	at com.google.cloud.datastore.emulator.impl.firestore.FirestoreEmulatorHelper.commitHelper(FirestoreEmulatorHelper.java:386)
	at com.google.cloud.datastore.emulator.impl.firestore.FirestoreEmulatorHelper.internalCommit(FirestoreEmulatorHelper.java:336)
	at com.google.cloud.datastore.emulator.impl.firestore.CloudFirestoreV1.internalCommit(CloudFirestoreV1.java:1245)
	at com.google.cloud.datastore.emulator.impl.firestore.CloudFirestoreV1.write(CloudFirestoreV1.java:1232)
	at com.google.cloud.datastore.emulator.impl.firestore.CloudFirestoreV1WriteStream.handleRequest(CloudFirestoreV1WriteStream.java:222)
	at com.google.cloud.datastore.emulator.impl.firestore.CloudFirestoreV1WriteStream.write(CloudFirestoreV1WriteStream.java:144)
	at com.google.cloud.datastore.emulator.impl.firestore.CloudFirestoreV1WriteStream.onNext(CloudFirestoreV1WriteStream.java:99)
	at com.google.cloud.datastore.emulator.impl.firestore.CloudFirestoreV1WriteStream.onNext(CloudFirestoreV1WriteStream.java:27)
	at io.grpc.stub.ServerCalls$StreamingServerCallHandler$StreamingServerCallListener.onMessage(ServerCalls.java:262)
	at io.grpc.ForwardingServerCallListener.onMessage(ForwardingServerCallListener.java:33)
	at io.grpc.Contexts$ContextualizedServerCallListener.onMessage(Contexts.java:76)
	at io.grpc.ForwardingServerCallListener.onMessage(ForwardingServerCallListener.java:33)
	at io.grpc.Contexts$ContextualizedServerCallListener.onMessage(Contexts.java:76)
	at io.grpc.internal.ServerCallImpl$ServerStreamListenerImpl.messagesAvailableInternal(ServerCallImpl.java:334)
	at io.grpc.internal.ServerCallImpl$ServerStreamListenerImpl.messagesAvailable(ServerCallImpl.java:319)
	at io.grpc.internal.ServerImpl$JumpToApplicationThreadServerStreamListener$1MessagesAvailable.runInContext(ServerImpl.java:834)
	at io.grpc.internal.ContextRunnable.run(ContextRunnable.java:37)
	at io.grpc.internal.SerializingExecutor.run(SerializingExecutor.java:133)
	at java.base/java.util.concurrent.ThreadPoolExecutor.runWorker(ThreadPoolExecutor.java:1144)
	at java.base/java.util.concurrent.ThreadPoolExecutor$Worker.run(ThreadPoolExecutor.java:642)
	at java.base/java.lang.Thread.run(Thread.java:1583)

Multiple projectIds are not recommended in single project mode. Requested project ID bioblitz-live-rules-test, but the emulator is configured for bioblitz-mitosisphere. To opt-out of single project mode add/set the '"singleProjectMode": false' property in the firebase.json emulators config.
Multiple projectIds are not recommended in single project mode. Requested project ID bioblitz-live-rules-test, but the emulator is configured for bioblitz-mitosisphere. To opt-out of single project mode add/set the '"singleProjectMode": false' property in the firebase.json emulators config.
Sep 22, 2026 9:36:09 PM com.google.cloud.datastore.emulator.impl.util.WrappedStreamObserver onError
WARNING: Operation failed: 
false for 'create' @ L161, false for 'update' @ L161
com.google.cloud.datastore.core.exception.DatastoreException: 
false for 'create' @ L161, false for 'update' @ L161
	at com.google.cloud.datastore.core.exception.DatastoreException$Builder.build(DatastoreException.java:152)
	at com.google.cloud.datastore.emulator.impl.rules.DefaultEmulatorRulesAuthorizer.verboseError(DefaultEmulatorRulesAuthorizer.java:349)
	at com.google.cloud.datastore.emulator.impl.rules.DefaultEmulatorRulesAuthorizer.withVerboseErrors(DefaultEmulatorRulesAuthorizer.java:326)
	at com.google.cloud.datastore.emulator.impl.rules.DefaultEmulatorRulesAuthorizer.checkCommit(DefaultEmulatorRulesAuthorizer.java:114)
	at com.google.cloud.datastore.emulator.impl.firestore.FirestoreEmulatorHelper.commitHelper(FirestoreEmulatorHelper.java:386)
	at com.google.cloud.datastore.emulator.impl.firestore.FirestoreEmulatorHelper.internalCommit(FirestoreEmulatorHelper.java:336)
	at com.google.cloud.datastore.emulator.impl.firestore.CloudFirestoreV1.internalCommit(CloudFirestoreV1.java:1245)
	at com.google.cloud.datastore.emulator.impl.firestore.CloudFirestoreV1.write(CloudFirestoreV1.java:1232)
	at com.google.cloud.datastore.emulator.impl.firestore.CloudFirestoreV1WriteStream.handleRequest(CloudFirestoreV1WriteStream.java:222)
	at com.google.cloud.datastore.emulator.impl.firestore.CloudFirestoreV1WriteStream.write(CloudFirestoreV1WriteStream.java:144)
	at com.google.cloud.datastore.emulator.impl.firestore.CloudFirestoreV1WriteStream.onNext(CloudFirestoreV1WriteStream.java:99)
	at com.google.cloud.datastore.emulator.impl.firestore.CloudFirestoreV1WriteStream.onNext(CloudFirestoreV1WriteStream.java:27)
	at io.grpc.stub.ServerCalls$StreamingServerCallHandler$StreamingServerCallListener.onMessage(ServerCalls.java:262)
	at io.grpc.ForwardingServerCallListener.onMessage(ForwardingServerCallListener.java:33)
	at io.grpc.Contexts$ContextualizedServerCallListener.onMessage(Contexts.java:76)
	at io.grpc.ForwardingServerCallListener.onMessage(ForwardingServerCallListener.java:33)
	at io.grpc.Contexts$ContextualizedServerCallListener.onMessage(Contexts.java:76)
	at io.grpc.internal.ServerCallImpl$ServerStreamListenerImpl.messagesAvailableInternal(ServerCallImpl.java:334)
	at io.grpc.internal.ServerCallImpl$ServerStreamListenerImpl.messagesAvailable(ServerCallImpl.java:319)
	at io.grpc.internal.ServerImpl$JumpToApplicationThreadServerStreamListener$1MessagesAvailable.runInContext(ServerImpl.java:834)
	at io.grpc.internal.ContextRunnable.run(ContextRunnable.java:37)
	at io.grpc.internal.SerializingExecutor.run(SerializingExecutor.java:133)
	at java.base/java.util.concurrent.ThreadPoolExecutor.runWorker(ThreadPoolExecutor.java:1144)
	at java.base/java.util.concurrent.ThreadPoolExecutor$Worker.run(ThreadPoolExecutor.java:642)
	at java.base/java.lang.Thread.run(Thread.java:1583)

Multiple projectIds are not recommended in single project mode. Requested project ID bioblitz-live-rules-test, but the emulator is configured for bioblitz-mitosisphere. To opt-out of single project mode add/set the '"singleProjectMode": false' property in the firebase.json emulators config.
Multiple projectIds are not recommended in single project mode. Requested project ID bioblitz-live-rules-test, but the emulator is configured for bioblitz-mitosisphere. To opt-out of single project mode add/set the '"singleProjectMode": false' property in the firebase.json emulators config.
Multiple projectIds are not recommended in single project mode. Requested project ID bioblitz-rules-test, but the emulator is configured for bioblitz-mitosisphere. To opt-out of single project mode add/set the '"singleProjectMode": false' property in the firebase.json emulators config.
Multiple projectIds are not recommended in single project mode. Requested project ID bioblitz-rules-test, but the emulator is configured for bioblitz-mitosisphere. To opt-out of single project mode add/set the '"singleProjectMode": false' property in the firebase.json emulators config.
Multiple projectIds are not recommended in single project mode. Requested project ID bioblitz-live-rules-test, but the emulator is configured for bioblitz-mitosisphere. To opt-out of single project mode add/set the '"singleProjectMode": false' property in the firebase.json emulators config.
Multiple projectIds are not recommended in single project mode. Requested project ID bioblitz-live-rules-test, but the emulator is configured for bioblitz-mitosisphere. To opt-out of single project mode add/set the '"singleProjectMode": false' property in the firebase.json emulators config.
Multiple projectIds are not recommended in single project mode. Requested project ID bioblitz-rules-test, but the emulator is configured for bioblitz-mitosisphere. To opt-out of single project mode add/set the '"singleProjectMode": false' property in the firebase.json emulators config.
Multiple projectIds are not recommended in single project mode. Requested project ID bioblitz-rules-test, but the emulator is configured for bioblitz-mitosisphere. To opt-out of single project mode add/set the '"singleProjectMode": false' property in the firebase.json emulators config.
Multiple projectIds are not recommended in single project mode. Requested project ID bioblitz-live-rules-test, but the emulator is configured for bioblitz-mitosisphere. To opt-out of single project mode add/set the '"singleProjectMode": false' property in the firebase.json emulators config.
Multiple projectIds are not recommended in single project mode. Requested project ID bioblitz-live-rules-test, but the emulator is configured for bioblitz-mitosisphere. To opt-out of single project mode add/set the '"singleProjectMode": false' property in the firebase.json emulators config.
Multiple projectIds are not recommended in single project mode. Requested project ID bioblitz-rules-test, but the emulator is configured for bioblitz-mitosisphere. To opt-out of single project mode add/set the '"singleProjectMode": false' property in the firebase.json emulators config.
Multiple projectIds are not recommended in single project mode. Requested project ID bioblitz-rules-test, but the emulator is configured for bioblitz-mitosisphere. To opt-out of single project mode add/set the '"singleProjectMode": false' property in the firebase.json emulators config.
Multiple projectIds are not recommended in single project mode. Requested project ID bioblitz-live-rules-test, but the emulator is configured for bioblitz-mitosisphere. To opt-out of single project mode add/set the '"singleProjectMode": false' property in the firebase.json emulators config.
Multiple projectIds are not recommended in single project mode. Requested project ID bioblitz-live-rules-test, but the emulator is configured for bioblitz-mitosisphere. To opt-out of single project mode add/set the '"singleProjectMode": false' property in the firebase.json emulators config.
Multiple projectIds are not recommended in single project mode. Requested project ID bioblitz-rules-test, but the emulator is configured for bioblitz-mitosisphere. To opt-out of single project mode add/set the '"singleProjectMode": false' property in the firebase.json emulators config.
Multiple projectIds are not recommended in single project mode. Requested project ID bioblitz-rules-test, but the emulator is configured for bioblitz-mitosisphere. To opt-out of single project mode add/set the '"singleProjectMode": false' property in the firebase.json emulators config.
Multiple projectIds are not recommended in single project mode. Requested project ID bioblitz-live-rules-test, but the emulator is configured for bioblitz-mitosisphere. To opt-out of single project mode add/set the '"singleProjectMode": false' property in the firebase.json emulators config.
Multiple projectIds are not recommended in single project mode. Requested project ID bioblitz-live-rules-test, but the emulator is configured for bioblitz-mitosisphere. To opt-out of single project mode add/set the '"singleProjectMode": false' property in the firebase.json emulators config.
Multiple projectIds are not recommended in single project mode. Requested project ID bioblitz-rules-test, but the emulator is configured for bioblitz-mitosisphere. To opt-out of single project mode add/set the '"singleProjectMode": false' property in the firebase.json emulators config.
Multiple projectIds are not recommended in single project mode. Requested project ID bioblitz-rules-test, but the emulator is configured for bioblitz-mitosisphere. To opt-out of single project mode add/set the '"singleProjectMode": false' property in the firebase.json emulators config.
Multiple projectIds are not recommended in single project mode. Requested project ID bioblitz-rules-test, but the emulator is configured for bioblitz-mitosisphere. To opt-out of single project mode add/set the '"singleProjectMode": false' property in the firebase.json emulators config.
Multiple projectIds are not recommended in single project mode. Requested project ID bioblitz-rules-test, but the emulator is configured for bioblitz-mitosisphere. To opt-out of single project mode add/set the '"singleProjectMode": false' property in the firebase.json emulators config.
Multiple projectIds are not recommended in single project mode. Requested project ID bioblitz-live-rules-test, but the emulator is configured for bioblitz-mitosisphere. To opt-out of single project mode add/set the '"singleProjectMode": false' property in the firebase.json emulators config.
Multiple projectIds are not recommended in single project mode. Requested project ID bioblitz-live-rules-test, but the emulator is configured for bioblitz-mitosisphere. To opt-out of single project mode add/set the '"singleProjectMode": false' property in the firebase.json emulators config.
Sep 22, 2026 9:36:10 PM com.google.cloud.datastore.emulator.impl.util.WrappedStreamObserver onError
WARNING: Operation failed: 
false for 'create' @ L168, false for 'update' @ L168
com.google.cloud.datastore.core.exception.DatastoreException: 
false for 'create' @ L168, false for 'update' @ L168
	at com.google.cloud.datastore.core.exception.DatastoreException$Builder.build(DatastoreException.java:152)
	at com.google.cloud.datastore.emulator.impl.rules.DefaultEmulatorRulesAuthorizer.verboseError(DefaultEmulatorRulesAuthorizer.java:349)
	at com.google.cloud.datastore.emulator.impl.rules.DefaultEmulatorRulesAuthorizer.withVerboseErrors(DefaultEmulatorRulesAuthorizer.java:326)
	at com.google.cloud.datastore.emulator.impl.rules.DefaultEmulatorRulesAuthorizer.checkCommit(DefaultEmulatorRulesAuthorizer.java:114)
	at com.google.cloud.datastore.emulator.impl.firestore.FirestoreEmulatorHelper.commitHelper(FirestoreEmulatorHelper.java:386)
	at com.google.cloud.datastore.emulator.impl.firestore.FirestoreEmulatorHelper.internalCommit(FirestoreEmulatorHelper.java:336)
	at com.google.cloud.datastore.emulator.impl.firestore.CloudFirestoreV1.internalCommit(CloudFirestoreV1.java:1245)
	at com.google.cloud.datastore.emulator.impl.firestore.CloudFirestoreV1.write(CloudFirestoreV1.java:1232)
	at com.google.cloud.datastore.emulator.impl.firestore.CloudFirestoreV1WriteStream.handleRequest(CloudFirestoreV1WriteStream.java:222)
	at com.google.cloud.datastore.emulator.impl.firestore.CloudFirestoreV1WriteStream.write(CloudFirestoreV1WriteStream.java:144)
	at com.google.cloud.datastore.emulator.impl.firestore.CloudFirestoreV1WriteStream.onNext(CloudFirestoreV1WriteStream.java:99)
	at com.google.cloud.datastore.emulator.impl.firestore.CloudFirestoreV1WriteStream.onNext(CloudFirestoreV1WriteStream.java:27)
	at io.grpc.stub.ServerCalls$StreamingServerCallHandler$StreamingServerCallListener.onMessage(ServerCalls.java:262)
	at io.grpc.ForwardingServerCallListener.onMessage(ForwardingServerCallListener.java:33)
	at io.grpc.Contexts$ContextualizedServerCallListener.onMessage(Contexts.java:76)
	at io.grpc.ForwardingServerCallListener.onMessage(ForwardingServerCallListener.java:33)
	at io.grpc.Contexts$ContextualizedServerCallListener.onMessage(Contexts.java:76)
	at io.grpc.internal.ServerCallImpl$ServerStreamListenerImpl.messagesAvailableInternal(ServerCallImpl.java:334)
	at io.grpc.internal.ServerCallImpl$ServerStreamListenerImpl.messagesAvailable(ServerCallImpl.java:319)
	at io.grpc.internal.ServerImpl$JumpToApplicationThreadServerStreamListener$1MessagesAvailable.runInContext(ServerImpl.java:834)
	at io.grpc.internal.ContextRunnable.run(ContextRunnable.java:37)
	at io.grpc.internal.SerializingExecutor.run(SerializingExecutor.java:133)
	at java.base/java.util.concurrent.ThreadPoolExecutor.runWorker(ThreadPoolExecutor.java:1144)
	at java.base/java.util.concurrent.ThreadPoolExecutor$Worker.run(ThreadPoolExecutor.java:642)
	at java.base/java.lang.Thread.run(Thread.java:1583)

Multiple projectIds are not recommended in single project mode. Requested project ID bioblitz-rules-test, but the emulator is configured for bioblitz-mitosisphere. To opt-out of single project mode add/set the '"singleProjectMode": false' property in the firebase.json emulators config.
Multiple projectIds are not recommended in single project mode. Requested project ID bioblitz-rules-test, but the emulator is configured for bioblitz-mitosisphere. To opt-out of single project mode add/set the '"singleProjectMode": false' property in the firebase.json emulators config.
Multiple projectIds are not recommended in single project mode. Requested project ID bioblitz-rules-test, but the emulator is configured for bioblitz-mitosisphere. To opt-out of single project mode add/set the '"singleProjectMode": false' property in the firebase.json emulators config.
Multiple projectIds are not recommended in single project mode. Requested project ID bioblitz-rules-test, but the emulator is configured for bioblitz-mitosisphere. To opt-out of single project mode add/set the '"singleProjectMode": false' property in the firebase.json emulators config.
Multiple projectIds are not recommended in single project mode. Requested project ID bioblitz-rules-test, but the emulator is configured for bioblitz-mitosisphere. To opt-out of single project mode add/set the '"singleProjectMode": false' property in the firebase.json emulators config.
Multiple projectIds are not recommended in single project mode. Requested project ID bioblitz-rules-test, but the emulator is configured for bioblitz-mitosisphere. To opt-out of single project mode add/set the '"singleProjectMode": false' property in the firebase.json emulators config.
Multiple projectIds are not recommended in single project mode. Requested project ID bioblitz-rules-test, but the emulator is configured for bioblitz-mitosisphere. To opt-out of single project mode add/set the '"singleProjectMode": false' property in the firebase.json emulators config.
Multiple projectIds are not recommended in single project mode. Requested project ID bioblitz-rules-test, but the emulator is configured for bioblitz-mitosisphere. To opt-out of single project mode add/set the '"singleProjectMode": false' property in the firebase.json emulators config.
Multiple projectIds are not recommended in single project mode. Requested project ID bioblitz-rules-test, but the emulator is configured for bioblitz-mitosisphere. To opt-out of single project mode add/set the '"singleProjectMode": false' property in the firebase.json emulators config.
Multiple projectIds are not recommended in single project mode. Requested project ID bioblitz-rules-test, but the emulator is configured for bioblitz-mitosisphere. To opt-out of single project mode add/set the '"singleProjectMode": false' property in the firebase.json emulators config.
Multiple projectIds are not recommended in single project mode. Requested project ID bioblitz-rules-test, but the emulator is configured for bioblitz-mitosisphere. To opt-out of single project mode add/set the '"singleProjectMode": false' property in the firebase.json emulators config.
Multiple projectIds are not recommended in single project mode. Requested project ID bioblitz-rules-test, but the emulator is configured for bioblitz-mitosisphere. To opt-out of single project mode add/set the '"singleProjectMode": false' property in the firebase.json emulators config.
Multiple projectIds are not recommended in single project mode. Requested project ID bioblitz-rules-test, but the emulator is configured for bioblitz-mitosisphere. To opt-out of single project mode add/set the '"singleProjectMode": false' property in the firebase.json emulators config.
Multiple projectIds are not recommended in single project mode. Requested project ID bioblitz-rules-test, but the emulator is configured for bioblitz-mitosisphere. To opt-out of single project mode add/set the '"singleProjectMode": false' property in the firebase.json emulators config.
Multiple projectIds are not recommended in single project mode. Requested project ID bioblitz-rules-test, but the emulator is configured for bioblitz-mitosisphere. To opt-out of single project mode add/set the '"singleProjectMode": false' property in the firebase.json emulators config.
Multiple projectIds are not recommended in single project mode. Requested project ID bioblitz-rules-test, but the emulator is configured for bioblitz-mitosisphere. To opt-out of single project mode add/set the '"singleProjectMode": false' property in the firebase.json emulators config.
Multiple projectIds are not recommended in single project mode. Requested project ID bioblitz-rules-test, but the emulator is configured for bioblitz-mitosisphere. To opt-out of single project mode add/set the '"singleProjectMode": false' property in the firebase.json emulators config.
Multiple projectIds are not recommended in single project mode. Requested project ID bioblitz-rules-test, but the emulator is configured for bioblitz-mitosisphere. To opt-out of single project mode add/set the '"singleProjectMode": false' property in the firebase.json emulators config.
Multiple projectIds are not recommended in single project mode. Requested project ID bioblitz-rules-test, but the emulator is configured for bioblitz-mitosisphere. To opt-out of single project mode add/set the '"singleProjectMode": false' property in the firebase.json emulators config.
Multiple projectIds are not recommended in single project mode. Requested project ID bioblitz-rules-test, but the emulator is configured for bioblitz-mitosisphere. To opt-out of single project mode add/set the '"singleProjectMode": false' property in the firebase.json emulators config.
Multiple projectIds are not recommended in single project mode. Requested project ID bioblitz-rules-test, but the emulator is configured for bioblitz-mitosisphere. To opt-out of single project mode add/set the '"singleProjectMode": false' property in the firebase.json emulators config.
Multiple projectIds are not recommended in single project mode. Requested project ID bioblitz-rules-test, but the emulator is configured for bioblitz-mitosisphere. To opt-out of single project mode add/set the '"singleProjectMode": false' property in the firebase.json emulators config.
Multiple projectIds are not recommended in single project mode. Requested project ID bioblitz-rules-test, but the emulator is configured for bioblitz-mitosisphere. To opt-out of single project mode add/set the '"singleProjectMode": false' property in the firebase.json emulators config.
Multiple projectIds are not recommended in single project mode. Requested project ID bioblitz-rules-test, but the emulator is configured for bioblitz-mitosisphere. To opt-out of single project mode add/set the '"singleProjectMode": false' property in the firebase.json emulators config.
Sep 22, 2026 9:36:10 PM com.google.cloud.datastore.emulator.impl.util.WrappedStreamObserver onError
WARNING: Operation failed: 
evaluation error at L240:26 for 'create' @ L240, evaluation error at L258:26 for 'update' @ L258, false for 'create' @ L240
com.google.cloud.datastore.core.exception.DatastoreException: 
evaluation error at L240:26 for 'create' @ L240, evaluation error at L258:26 for 'update' @ L258, false for 'create' @ L240
	at com.google.cloud.datastore.core.exception.DatastoreException$Builder.build(DatastoreException.java:152)
	at com.google.cloud.datastore.emulator.impl.rules.DefaultEmulatorRulesAuthorizer.verboseError(DefaultEmulatorRulesAuthorizer.java:349)
	at com.google.cloud.datastore.emulator.impl.rules.DefaultEmulatorRulesAuthorizer.withVerboseErrors(DefaultEmulatorRulesAuthorizer.java:326)
	at com.google.cloud.datastore.emulator.impl.rules.DefaultEmulatorRulesAuthorizer.checkCommit(DefaultEmulatorRulesAuthorizer.java:114)
	at com.google.cloud.datastore.emulator.impl.firestore.FirestoreEmulatorHelper.commitHelper(FirestoreEmulatorHelper.java:386)
	at com.google.cloud.datastore.emulator.impl.firestore.FirestoreEmulatorHelper.internalCommit(FirestoreEmulatorHelper.java:336)
	at com.google.cloud.datastore.emulator.impl.firestore.CloudFirestoreV1.internalCommit(CloudFirestoreV1.java:1245)
	at com.google.cloud.datastore.emulator.impl.firestore.CloudFirestoreV1.write(CloudFirestoreV1.java:1232)
	at com.google.cloud.datastore.emulator.impl.firestore.CloudFirestoreV1WriteStream.handleRequest(CloudFirestoreV1WriteStream.java:222)
	at com.google.cloud.datastore.emulator.impl.firestore.CloudFirestoreV1WriteStream.write(CloudFirestoreV1WriteStream.java:144)
	at com.google.cloud.datastore.emulator.impl.firestore.CloudFirestoreV1WriteStream.onNext(CloudFirestoreV1WriteStream.java:99)
	at com.google.cloud.datastore.emulator.impl.firestore.CloudFirestoreV1WriteStream.onNext(CloudFirestoreV1WriteStream.java:27)
	at io.grpc.stub.ServerCalls$StreamingServerCallHandler$StreamingServerCallListener.onMessage(ServerCalls.java:262)
	at io.grpc.ForwardingServerCallListener.onMessage(ForwardingServerCallListener.java:33)
	at io.grpc.Contexts$ContextualizedServerCallListener.onMessage(Contexts.java:76)
	at io.grpc.ForwardingServerCallListener.onMessage(ForwardingServerCallListener.java:33)
	at io.grpc.Contexts$ContextualizedServerCallListener.onMessage(Contexts.java:76)
	at io.grpc.internal.ServerCallImpl$ServerStreamListenerImpl.messagesAvailableInternal(ServerCallImpl.java:334)
	at io.grpc.internal.ServerCallImpl$ServerStreamListenerImpl.messagesAvailable(ServerCallImpl.java:319)
	at io.grpc.internal.ServerImpl$JumpToApplicationThreadServerStreamListener$1MessagesAvailable.runInContext(ServerImpl.java:834)
	at io.grpc.internal.ContextRunnable.run(ContextRunnable.java:37)
	at io.grpc.internal.SerializingExecutor.run(SerializingExecutor.java:133)
	at java.base/java.util.concurrent.ThreadPoolExecutor.runWorker(ThreadPoolExecutor.java:1144)
	at java.base/java.util.concurrent.ThreadPoolExecutor$Worker.run(ThreadPoolExecutor.java:642)
	at java.base/java.lang.Thread.run(Thread.java:1583)

Multiple projectIds are not recommended in single project mode. Requested project ID bioblitz-rules-test, but the emulator is configured for bioblitz-mitosisphere. To opt-out of single project mode add/set the '"singleProjectMode": false' property in the firebase.json emulators config.
Multiple projectIds are not recommended in single project mode. Requested project ID bioblitz-rules-test, but the emulator is configured for bioblitz-mitosisphere. To opt-out of single project mode add/set the '"singleProjectMode": false' property in the firebase.json emulators config.
Multiple projectIds are not recommended in single project mode. Requested project ID bioblitz-rules-test, but the emulator is configured for bioblitz-mitosisphere. To opt-out of single project mode add/set the '"singleProjectMode": false' property in the firebase.json emulators config.
Multiple projectIds are not recommended in single project mode. Requested project ID bioblitz-rules-test, but the emulator is configured for bioblitz-mitosisphere. To opt-out of single project mode add/set the '"singleProjectMode": false' property in the firebase.json emulators config.
Multiple projectIds are not recommended in single project mode. Requested project ID bioblitz-rules-test, but the emulator is configured for bioblitz-mitosisphere. To opt-out of single project mode add/set the '"singleProjectMode": false' property in the firebase.json emulators config.
Multiple projectIds are not recommended in single project mode. Requested project ID bioblitz-rules-test, but the emulator is configured for bioblitz-mitosisphere. To opt-out of single project mode add/set the '"singleProjectMode": false' property in the firebase.json emulators config.
Multiple projectIds are not recommended in single project mode. Requested project ID bioblitz-rules-test, but the emulator is configured for bioblitz-mitosisphere. To opt-out of single project mode add/set the '"singleProjectMode": false' property in the firebase.json emulators config.
Multiple projectIds are not recommended in single project mode. Requested project ID bioblitz-rules-test, but the emulator is configured for bioblitz-mitosisphere. To opt-out of single project mode add/set the '"singleProjectMode": false' property in the firebase.json emulators config.
Multiple projectIds are not recommended in single project mode. Requested project ID bioblitz-rules-test, but the emulator is configured for bioblitz-mitosisphere. To opt-out of single project mode add/set the '"singleProjectMode": false' property in the firebase.json emulators config.
Multiple projectIds are not recommended in single project mode. Requested project ID bioblitz-rules-test, but the emulator is configured for bioblitz-mitosisphere. To opt-out of single project mode add/set the '"singleProjectMode": false' property in the firebase.json emulators config.
Sep 22, 2026 9:36:10 PM com.google.cloud.datastore.emulator.impl.util.WrappedStreamObserver onError
WARNING: Operation failed: 
evaluation error at L240:26 for 'create' @ L240, evaluation error at L258:26 for 'update' @ L258, false for 'create' @ L240
com.google.cloud.datastore.core.exception.DatastoreException: 
evaluation error at L240:26 for 'create' @ L240, evaluation error at L258:26 for 'update' @ L258, false for 'create' @ L240
	at com.google.cloud.datastore.core.exception.DatastoreException$Builder.build(DatastoreException.java:152)
	at com.google.cloud.datastore.emulator.impl.rules.DefaultEmulatorRulesAuthorizer.verboseError(DefaultEmulatorRulesAuthorizer.java:349)
	at com.google.cloud.datastore.emulator.impl.rules.DefaultEmulatorRulesAuthorizer.withVerboseErrors(DefaultEmulatorRulesAuthorizer.java:326)
	at com.google.cloud.datastore.emulator.impl.rules.DefaultEmulatorRulesAuthorizer.checkCommit(DefaultEmulatorRulesAuthorizer.java:114)
	at com.google.cloud.datastore.emulator.impl.firestore.FirestoreEmulatorHelper.commitHelper(FirestoreEmulatorHelper.java:386)
	at com.google.cloud.datastore.emulator.impl.firestore.FirestoreEmulatorHelper.internalCommit(FirestoreEmulatorHelper.java:336)
	at com.google.cloud.datastore.emulator.impl.firestore.CloudFirestoreV1.internalCommit(CloudFirestoreV1.java:1245)
	at com.google.cloud.datastore.emulator.impl.firestore.CloudFirestoreV1.write(CloudFirestoreV1.java:1232)
	at com.google.cloud.datastore.emulator.impl.firestore.CloudFirestoreV1WriteStream.handleRequest(CloudFirestoreV1WriteStream.java:222)
	at com.google.cloud.datastore.emulator.impl.firestore.CloudFirestoreV1WriteStream.write(CloudFirestoreV1WriteStream.java:144)
	at com.google.cloud.datastore.emulator.impl.firestore.CloudFirestoreV1WriteStream.onNext(CloudFirestoreV1WriteStream.java:99)
	at com.google.cloud.datastore.emulator.impl.firestore.CloudFirestoreV1WriteStream.onNext(CloudFirestoreV1WriteStream.java:27)
	at io.grpc.stub.ServerCalls$StreamingServerCallHandler$StreamingServerCallListener.onMessage(ServerCalls.java:262)
	at io.grpc.ForwardingServerCallListener.onMessage(ForwardingServerCallListener.java:33)
	at io.grpc.Contexts$ContextualizedServerCallListener.onMessage(Contexts.java:76)
	at io.grpc.ForwardingServerCallListener.onMessage(ForwardingServerCallListener.java:33)
	at io.grpc.Contexts$ContextualizedServerCallListener.onMessage(Contexts.java:76)
	at io.grpc.internal.ServerCallImpl$ServerStreamListenerImpl.messagesAvailableInternal(ServerCallImpl.java:334)
	at io.grpc.internal.ServerCallImpl$ServerStreamListenerImpl.messagesAvailable(ServerCallImpl.java:319)
	at io.grpc.internal.ServerImpl$JumpToApplicationThreadServerStreamListener$1MessagesAvailable.runInContext(ServerImpl.java:834)
	at io.grpc.internal.ContextRunnable.run(ContextRunnable.java:37)
	at io.grpc.internal.SerializingExecutor.run(SerializingExecutor.java:133)
	at java.base/java.util.concurrent.ThreadPoolExecutor.runWorker(ThreadPoolExecutor.java:1144)
	at java.base/java.util.concurrent.ThreadPoolExecutor$Worker.run(ThreadPoolExecutor.java:642)
	at java.base/java.lang.Thread.run(Thread.java:1583)

Multiple projectIds are not recommended in single project mode. Requested project ID bioblitz-rules-test, but the emulator is configured for bioblitz-mitosisphere. To opt-out of single project mode add/set the '"singleProjectMode": false' property in the firebase.json emulators config.
Multiple projectIds are not recommended in single project mode. Requested project ID bioblitz-rules-test, but the emulator is configured for bioblitz-mitosisphere. To opt-out of single project mode add/set the '"singleProjectMode": false' property in the firebase.json emulators config.
Multiple projectIds are not recommended in single project mode. Requested project ID bioblitz-rules-test, but the emulator is configured for bioblitz-mitosisphere. To opt-out of single project mode add/set the '"singleProjectMode": false' property in the firebase.json emulators config.
Multiple projectIds are not recommended in single project mode. Requested project ID bioblitz-rules-test, but the emulator is configured for bioblitz-mitosisphere. To opt-out of single project mode add/set the '"singleProjectMode": false' property in the firebase.json emulators config.
Multiple projectIds are not recommended in single project mode. Requested project ID bioblitz-rules-test, but the emulator is configured for bioblitz-mitosisphere. To opt-out of single project mode add/set the '"singleProjectMode": false' property in the firebase.json emulators config.
Multiple projectIds are not recommended in single project mode. Requested project ID bioblitz-rules-test, but the emulator is configured for bioblitz-mitosisphere. To opt-out of single project mode add/set the '"singleProjectMode": false' property in the firebase.json emulators config.
Multiple projectIds are not recommended in single project mode. Requested project ID bioblitz-rules-test, but the emulator is configured for bioblitz-mitosisphere. To opt-out of single project mode add/set the '"singleProjectMode": false' property in the firebase.json emulators config.
Multiple projectIds are not recommended in single project mode. Requested project ID bioblitz-rules-test, but the emulator is configured for bioblitz-mitosisphere. To opt-out of single project mode add/set the '"singleProjectMode": false' property in the firebase.json emulators config.
Multiple projectIds are not recommended in single project mode. Requested project ID bioblitz-rules-test, but the emulator is configured for bioblitz-mitosisphere. To opt-out of single project mode add/set the '"singleProjectMode": false' property in the firebase.json emulators config.
Multiple projectIds are not recommended in single project mode. Requested project ID bioblitz-rules-test, but the emulator is configured for bioblitz-mitosisphere. To opt-out of single project mode add/set the '"singleProjectMode": false' property in the firebase.json emulators config.
Sep 22, 2026 9:36:10 PM com.google.cloud.datastore.emulator.impl.util.WrappedStreamObserver onError
WARNING: Operation failed: 
evaluation error at L240:26 for 'create' @ L240, evaluation error at L258:26 for 'update' @ L258, false for 'create' @ L240
com.google.cloud.datastore.core.exception.DatastoreException: 
evaluation error at L240:26 for 'create' @ L240, evaluation error at L258:26 for 'update' @ L258, false for 'create' @ L240
	at com.google.cloud.datastore.core.exception.DatastoreException$Builder.build(DatastoreException.java:152)
	at com.google.cloud.datastore.emulator.impl.rules.DefaultEmulatorRulesAuthorizer.verboseError(DefaultEmulatorRulesAuthorizer.java:349)
	at com.google.cloud.datastore.emulator.impl.rules.DefaultEmulatorRulesAuthorizer.withVerboseErrors(DefaultEmulatorRulesAuthorizer.java:326)
	at com.google.cloud.datastore.emulator.impl.rules.DefaultEmulatorRulesAuthorizer.checkCommit(DefaultEmulatorRulesAuthorizer.java:114)
	at com.google.cloud.datastore.emulator.impl.firestore.FirestoreEmulatorHelper.commitHelper(FirestoreEmulatorHelper.java:386)
	at com.google.cloud.datastore.emulator.impl.firestore.FirestoreEmulatorHelper.internalCommit(FirestoreEmulatorHelper.java:336)
	at com.google.cloud.datastore.emulator.impl.firestore.CloudFirestoreV1.internalCommit(CloudFirestoreV1.java:1245)
	at com.google.cloud.datastore.emulator.impl.firestore.CloudFirestoreV1.write(CloudFirestoreV1.java:1232)
	at com.google.cloud.datastore.emulator.impl.firestore.CloudFirestoreV1WriteStream.handleRequest(CloudFirestoreV1WriteStream.java:222)
	at com.google.cloud.datastore.emulator.impl.firestore.CloudFirestoreV1WriteStream.write(CloudFirestoreV1WriteStream.java:144)
	at com.google.cloud.datastore.emulator.impl.firestore.CloudFirestoreV1WriteStream.onNext(CloudFirestoreV1WriteStream.java:99)
	at com.google.cloud.datastore.emulator.impl.firestore.CloudFirestoreV1WriteStream.onNext(CloudFirestoreV1WriteStream.java:27)
	at io.grpc.stub.ServerCalls$StreamingServerCallHandler$StreamingServerCallListener.onMessage(ServerCalls.java:262)
	at io.grpc.ForwardingServerCallListener.onMessage(ForwardingServerCallListener.java:33)
	at io.grpc.Contexts$ContextualizedServerCallListener.onMessage(Contexts.java:76)
	at io.grpc.ForwardingServerCallListener.onMessage(ForwardingServerCallListener.java:33)
	at io.grpc.Contexts$ContextualizedServerCallListener.onMessage(Contexts.java:76)
	at io.grpc.internal.ServerCallImpl$ServerStreamListenerImpl.messagesAvailableInternal(ServerCallImpl.java:334)
	at io.grpc.internal.ServerCallImpl$ServerStreamListenerImpl.messagesAvailable(ServerCallImpl.java:319)
	at io.grpc.internal.ServerImpl$JumpToApplicationThreadServerStreamListener$1MessagesAvailable.runInContext(ServerImpl.java:834)
	at io.grpc.internal.ContextRunnable.run(ContextRunnable.java:37)
	at io.grpc.internal.SerializingExecutor.run(SerializingExecutor.java:133)
	at java.base/java.util.concurrent.ThreadPoolExecutor.runWorker(ThreadPoolExecutor.java:1144)
	at java.base/java.util.concurrent.ThreadPoolExecutor$Worker.run(ThreadPoolExecutor.java:642)
	at java.base/java.lang.Thread.run(Thread.java:1583)

Multiple projectIds are not recommended in single project mode. Requested project ID bioblitz-rules-test, but the emulator is configured for bioblitz-mitosisphere. To opt-out of single project mode add/set the '"singleProjectMode": false' property in the firebase.json emulators config.
Multiple projectIds are not recommended in single project mode. Requested project ID bioblitz-rules-test, but the emulator is configured for bioblitz-mitosisphere. To opt-out of single project mode add/set the '"singleProjectMode": false' property in the firebase.json emulators config.
Multiple projectIds are not recommended in single project mode. Requested project ID bioblitz-rules-test, but the emulator is configured for bioblitz-mitosisphere. To opt-out of single project mode add/set the '"singleProjectMode": false' property in the firebase.json emulators config.
Multiple projectIds are not recommended in single project mode. Requested project ID bioblitz-rules-test, but the emulator is configured for bioblitz-mitosisphere. To opt-out of single project mode add/set the '"singleProjectMode": false' property in the firebase.json emulators config.
Multiple projectIds are not recommended in single project mode. Requested project ID bioblitz-rules-test, but the emulator is configured for bioblitz-mitosisphere. To opt-out of single project mode add/set the '"singleProjectMode": false' property in the firebase.json emulators config.
Multiple projectIds are not recommended in single project mode. Requested project ID bioblitz-rules-test, but the emulator is configured for bioblitz-mitosisphere. To opt-out of single project mode add/set the '"singleProjectMode": false' property in the firebase.json emulators config.
Multiple projectIds are not recommended in single project mode. Requested project ID bioblitz-rules-test, but the emulator is configured for bioblitz-mitosisphere. To opt-out of single project mode add/set the '"singleProjectMode": false' property in the firebase.json emulators config.
Multiple projectIds are not recommended in single project mode. Requested project ID bioblitz-rules-test, but the emulator is configured for bioblitz-mitosisphere. To opt-out of single project mode add/set the '"singleProjectMode": false' property in the firebase.json emulators config.
Multiple projectIds are not recommended in single project mode. Requested project ID bioblitz-rules-test, but the emulator is configured for bioblitz-mitosisphere. To opt-out of single project mode add/set the '"singleProjectMode": false' property in the firebase.json emulators config.
Multiple projectIds are not recommended in single project mode. Requested project ID bioblitz-rules-test, but the emulator is configured for bioblitz-mitosisphere. To opt-out of single project mode add/set the '"singleProjectMode": false' property in the firebase.json emulators config.
Multiple projectIds are not recommended in single project mode. Requested project ID bioblitz-rules-test, but the emulator is configured for bioblitz-mitosisphere. To opt-out of single project mode add/set the '"singleProjectMode": false' property in the firebase.json emulators config.
Multiple projectIds are not recommended in single project mode. Requested project ID bioblitz-rules-test, but the emulator is configured for bioblitz-mitosisphere. To opt-out of single project mode add/set the '"singleProjectMode": false' property in the firebase.json emulators config.
Multiple projectIds are not recommended in single project mode. Requested project ID bioblitz-rules-test, but the emulator is configured for bioblitz-mitosisphere. To opt-out of single project mode add/set the '"singleProjectMode": false' property in the firebase.json emulators config.
Multiple projectIds are not recommended in single project mode. Requested project ID bioblitz-rules-test, but the emulator is configured for bioblitz-mitosisphere. To opt-out of single project mode add/set the '"singleProjectMode": false' property in the firebase.json emulators config.
Multiple projectIds are not recommended in single project mode. Requested project ID bioblitz-rules-test, but the emulator is configured for bioblitz-mitosisphere. To opt-out of single project mode add/set the '"singleProjectMode": false' property in the firebase.json emulators config.
Multiple projectIds are not recommended in single project mode. Requested project ID bioblitz-rules-test, but the emulator is configured for bioblitz-mitosisphere. To opt-out of single project mode add/set the '"singleProjectMode": false' property in the firebase.json emulators config.
Multiple projectIds are not recommended in single project mode. Requested project ID bioblitz-rules-test, but the emulator is configured for bioblitz-mitosisphere. To opt-out of single project mode add/set the '"singleProjectMode": false' property in the firebase.json emulators config.
Multiple projectIds are not recommended in single project mode. Requested project ID bioblitz-rules-test, but the emulator is configured for bioblitz-mitosisphere. To opt-out of single project mode add/set the '"singleProjectMode": false' property in the firebase.json emulators config.
Multiple projectIds are not recommended in single project mode. Requested project ID bioblitz-rules-test, but the emulator is configured for bioblitz-mitosisphere. To opt-out of single project mode add/set the '"singleProjectMode": false' property in the firebase.json emulators config.
Multiple projectIds are not recommended in single project mode. Requested project ID bioblitz-rules-test, but the emulator is configured for bioblitz-mitosisphere. To opt-out of single project mode add/set the '"singleProjectMode": false' property in the firebase.json emulators config.
Sep 22, 2026 9:36:10 PM com.google.cloud.datastore.emulator.impl.util.WrappedStreamObserver onError
WARNING: Operation failed: 
evaluation error at L240:26 for 'create' @ L240, evaluation error at L258:26 for 'update' @ L258, false for 'create' @ L240
com.google.cloud.datastore.core.exception.DatastoreException: 
evaluation error at L240:26 for 'create' @ L240, evaluation error at L258:26 for 'update' @ L258, false for 'create' @ L240
	at com.google.cloud.datastore.core.exception.DatastoreException$Builder.build(DatastoreException.java:152)
	at com.google.cloud.datastore.emulator.impl.rules.DefaultEmulatorRulesAuthorizer.verboseError(DefaultEmulatorRulesAuthorizer.java:349)
	at com.google.cloud.datastore.emulator.impl.rules.DefaultEmulatorRulesAuthorizer.withVerboseErrors(DefaultEmulatorRulesAuthorizer.java:326)
	at com.google.cloud.datastore.emulator.impl.rules.DefaultEmulatorRulesAuthorizer.checkCommit(DefaultEmulatorRulesAuthorizer.java:114)
	at com.google.cloud.datastore.emulator.impl.firestore.FirestoreEmulatorHelper.commitHelper(FirestoreEmulatorHelper.java:386)
	at com.google.cloud.datastore.emulator.impl.firestore.FirestoreEmulatorHelper.internalCommit(FirestoreEmulatorHelper.java:336)
	at com.google.cloud.datastore.emulator.impl.firestore.CloudFirestoreV1.internalCommit(CloudFirestoreV1.java:1245)
	at com.google.cloud.datastore.emulator.impl.firestore.CloudFirestoreV1.write(CloudFirestoreV1.java:1232)
	at com.google.cloud.datastore.emulator.impl.firestore.CloudFirestoreV1WriteStream.handleRequest(CloudFirestoreV1WriteStream.java:222)
	at com.google.cloud.datastore.emulator.impl.firestore.CloudFirestoreV1WriteStream.write(CloudFirestoreV1WriteStream.java:144)
	at com.google.cloud.datastore.emulator.impl.firestore.CloudFirestoreV1WriteStream.onNext(CloudFirestoreV1WriteStream.java:99)
	at com.google.cloud.datastore.emulator.impl.firestore.CloudFirestoreV1WriteStream.onNext(CloudFirestoreV1WriteStream.java:27)
	at io.grpc.stub.ServerCalls$StreamingServerCallHandler$StreamingServerCallListener.onMessage(ServerCalls.java:262)
	at io.grpc.ForwardingServerCallListener.onMessage(ForwardingServerCallListener.java:33)
	at io.grpc.Contexts$ContextualizedServerCallListener.onMessage(Contexts.java:76)
	at io.grpc.ForwardingServerCallListener.onMessage(ForwardingServerCallListener.java:33)
	at io.grpc.Contexts$ContextualizedServerCallListener.onMessage(Contexts.java:76)
	at io.grpc.internal.ServerCallImpl$ServerStreamListenerImpl.messagesAvailableInternal(ServerCallImpl.java:334)
	at io.grpc.internal.ServerCallImpl$ServerStreamListenerImpl.messagesAvailable(ServerCallImpl.java:319)
	at io.grpc.internal.ServerImpl$JumpToApplicationThreadServerStreamListener$1MessagesAvailable.runInContext(ServerImpl.java:834)
	at io.grpc.internal.ContextRunnable.run(ContextRunnable.java:37)
	at io.grpc.internal.SerializingExecutor.run(SerializingExecutor.java:133)
	at java.base/java.util.concurrent.ThreadPoolExecutor.runWorker(ThreadPoolExecutor.java:1144)
	at java.base/java.util.concurrent.ThreadPoolExecutor$Worker.run(ThreadPoolExecutor.java:642)
	at java.base/java.lang.Thread.run(Thread.java:1583)

Multiple projectIds are not recommended in single project mode. Requested project ID bioblitz-rules-test, but the emulator is configured for bioblitz-mitosisphere. To opt-out of single project mode add/set the '"singleProjectMode": false' property in the firebase.json emulators config.
Multiple projectIds are not recommended in single project mode. Requested project ID bioblitz-rules-test, but the emulator is configured for bioblitz-mitosisphere. To opt-out of single project mode add/set the '"singleProjectMode": false' property in the firebase.json emulators config.
Multiple projectIds are not recommended in single project mode. Requested project ID bioblitz-rules-test, but the emulator is configured for bioblitz-mitosisphere. To opt-out of single project mode add/set the '"singleProjectMode": false' property in the firebase.json emulators config.
Multiple projectIds are not recommended in single project mode. Requested project ID bioblitz-rules-test, but the emulator is configured for bioblitz-mitosisphere. To opt-out of single project mode add/set the '"singleProjectMode": false' property in the firebase.json emulators config.
Multiple projectIds are not recommended in single project mode. Requested project ID bioblitz-rules-test, but the emulator is configured for bioblitz-mitosisphere. To opt-out of single project mode add/set the '"singleProjectMode": false' property in the firebase.json emulators config.
Multiple projectIds are not recommended in single project mode. Requested project ID bioblitz-rules-test, but the emulator is configured for bioblitz-mitosisphere. To opt-out of single project mode add/set the '"singleProjectMode": false' property in the firebase.json emulators config.
Multiple projectIds are not recommended in single project mode. Requested project ID bioblitz-rules-test, but the emulator is configured for bioblitz-mitosisphere. To opt-out of single project mode add/set the '"singleProjectMode": false' property in the firebase.json emulators config.
Multiple projectIds are not recommended in single project mode. Requested project ID bioblitz-rules-test, but the emulator is configured for bioblitz-mitosisphere. To opt-out of single project mode add/set the '"singleProjectMode": false' property in the firebase.json emulators config.
Multiple projectIds are not recommended in single project mode. Requested project ID bioblitz-rules-test, but the emulator is configured for bioblitz-mitosisphere. To opt-out of single project mode add/set the '"singleProjectMode": false' property in the firebase.json emulators config.
Multiple projectIds are not recommended in single project mode. Requested project ID bioblitz-rules-test, but the emulator is configured for bioblitz-mitosisphere. To opt-out of single project mode add/set the '"singleProjectMode": false' property in the firebase.json emulators config.
Multiple projectIds are not recommended in single project mode. Requested project ID bioblitz-rules-test, but the emulator is configured for bioblitz-mitosisphere. To opt-out of single project mode add/set the '"singleProjectMode": false' property in the firebase.json emulators config.
Multiple projectIds are not recommended in single project mode. Requested project ID bioblitz-rules-test, but the emulator is configured for bioblitz-mitosisphere. To opt-out of single project mode add/set the '"singleProjectMode": false' property in the firebase.json emulators config.
Multiple projectIds are not recommended in single project mode. Requested project ID bioblitz-rules-test, but the emulator is configured for bioblitz-mitosisphere. To opt-out of single project mode add/set the '"singleProjectMode": false' property in the firebase.json emulators config.
Multiple projectIds are not recommended in single project mode. Requested project ID bioblitz-rules-test, but the emulator is configured for bioblitz-mitosisphere. To opt-out of single project mode add/set the '"singleProjectMode": false' property in the firebase.json emulators config.
Multiple projectIds are not recommended in single project mode. Requested project ID bioblitz-rules-test, but the emulator is configured for bioblitz-mitosisphere. To opt-out of single project mode add/set the '"singleProjectMode": false' property in the firebase.json emulators config.
Multiple projectIds are not recommended in single project mode. Requested project ID bioblitz-rules-test, but the emulator is configured for bioblitz-mitosisphere. To opt-out of single project mode add/set the '"singleProjectMode": false' property in the firebase.json emulators config.
Multiple projectIds are not recommended in single project mode. Requested project ID bioblitz-rules-test, but the emulator is configured for bioblitz-mitosisphere. To opt-out of single project mode add/set the '"singleProjectMode": false' property in the firebase.json emulators config.
Multiple projectIds are not recommended in single project mode. Requested project ID bioblitz-rules-test, but the emulator is configured for bioblitz-mitosisphere. To opt-out of single project mode add/set the '"singleProjectMode": false' property in the firebase.json emulators config.
Multiple projectIds are not recommended in single project mode. Requested project ID bioblitz-rules-test, but the emulator is configured for bioblitz-mitosisphere. To opt-out of single project mode add/set the '"singleProjectMode": false' property in the firebase.json emulators config.
Multiple projectIds are not recommended in single project mode. Requested project ID bioblitz-rules-test, but the emulator is configured for bioblitz-mitosisphere. To opt-out of single project mode add/set the '"singleProjectMode": false' property in the firebase.json emulators config.
Multiple projectIds are not recommended in single project mode. Requested project ID bioblitz-rules-test, but the emulator is configured for bioblitz-mitosisphere. To opt-out of single project mode add/set the '"singleProjectMode": false' property in the firebase.json emulators config.
Multiple projectIds are not recommended in single project mode. Requested project ID bioblitz-rules-test, but the emulator is configured for bioblitz-mitosisphere. To opt-out of single project mode add/set the '"singleProjectMode": false' property in the firebase.json emulators config.
Sep 22, 2026 9:36:10 PM com.google.cloud.datastore.emulator.impl.util.WrappedStreamObserver onError
WARNING: Operation failed: 
evaluation error at L240:26 for 'create' @ L240, evaluation error at L258:26 for 'update' @ L258, false for 'create' @ L240
com.google.cloud.datastore.core.exception.DatastoreException: 
evaluation error at L240:26 for 'create' @ L240, evaluation error at L258:26 for 'update' @ L258, false for 'create' @ L240
	at com.google.cloud.datastore.core.exception.DatastoreException$Builder.build(DatastoreException.java:152)
	at com.google.cloud.datastore.emulator.impl.rules.DefaultEmulatorRulesAuthorizer.verboseError(DefaultEmulatorRulesAuthorizer.java:349)
	at com.google.cloud.datastore.emulator.impl.rules.DefaultEmulatorRulesAuthorizer.withVerboseErrors(DefaultEmulatorRulesAuthorizer.java:326)
	at com.google.cloud.datastore.emulator.impl.rules.DefaultEmulatorRulesAuthorizer.checkCommit(DefaultEmulatorRulesAuthorizer.java:114)
	at com.google.cloud.datastore.emulator.impl.firestore.FirestoreEmulatorHelper.commitHelper(FirestoreEmulatorHelper.java:386)
	at com.google.cloud.datastore.emulator.impl.firestore.FirestoreEmulatorHelper.internalCommit(FirestoreEmulatorHelper.java:336)
	at com.google.cloud.datastore.emulator.impl.firestore.CloudFirestoreV1.internalCommit(CloudFirestoreV1.java:1245)
	at com.google.cloud.datastore.emulator.impl.firestore.CloudFirestoreV1.write(CloudFirestoreV1.java:1232)
	at com.google.cloud.datastore.emulator.impl.firestore.CloudFirestoreV1WriteStream.handleRequest(CloudFirestoreV1WriteStream.java:222)
	at com.google.cloud.datastore.emulator.impl.firestore.CloudFirestoreV1WriteStream.write(CloudFirestoreV1WriteStream.java:144)
	at com.google.cloud.datastore.emulator.impl.firestore.CloudFirestoreV1WriteStream.onNext(CloudFirestoreV1WriteStream.java:99)
	at com.google.cloud.datastore.emulator.impl.firestore.CloudFirestoreV1WriteStream.onNext(CloudFirestoreV1WriteStream.java:27)
	at io.grpc.stub.ServerCalls$StreamingServerCallHandler$StreamingServerCallListener.onMessage(ServerCalls.java:262)
	at io.grpc.ForwardingServerCallListener.onMessage(ForwardingServerCallListener.java:33)
	at io.grpc.Contexts$ContextualizedServerCallListener.onMessage(Contexts.java:76)
	at io.grpc.ForwardingServerCallListener.onMessage(ForwardingServerCallListener.java:33)
	at io.grpc.Contexts$ContextualizedServerCallListener.onMessage(Contexts.java:76)
	at io.grpc.internal.ServerCallImpl$ServerStreamListenerImpl.messagesAvailableInternal(ServerCallImpl.java:334)
	at io.grpc.internal.ServerCallImpl$ServerStreamListenerImpl.messagesAvailable(ServerCallImpl.java:319)
	at io.grpc.internal.ServerImpl$JumpToApplicationThreadServerStreamListener$1MessagesAvailable.runInContext(ServerImpl.java:834)
	at io.grpc.internal.ContextRunnable.run(ContextRunnable.java:37)
	at io.grpc.internal.SerializingExecutor.run(SerializingExecutor.java:133)
	at java.base/java.util.concurrent.ThreadPoolExecutor.runWorker(ThreadPoolExecutor.java:1144)
	at java.base/java.util.concurrent.ThreadPoolExecutor$Worker.run(ThreadPoolExecutor.java:642)
	at java.base/java.lang.Thread.run(Thread.java:1583)

Multiple projectIds are not recommended in single project mode. Requested project ID bioblitz-rules-test, but the emulator is configured for bioblitz-mitosisphere. To opt-out of single project mode add/set the '"singleProjectMode": false' property in the firebase.json emulators config.
Multiple projectIds are not recommended in single project mode. Requested project ID bioblitz-rules-test, but the emulator is configured for bioblitz-mitosisphere. To opt-out of single project mode add/set the '"singleProjectMode": false' property in the firebase.json emulators config.
Multiple projectIds are not recommended in single project mode. Requested project ID bioblitz-rules-test, but the emulator is configured for bioblitz-mitosisphere. To opt-out of single project mode add/set the '"singleProjectMode": false' property in the firebase.json emulators config.
Multiple projectIds are not recommended in single project mode. Requested project ID bioblitz-rules-test, but the emulator is configured for bioblitz-mitosisphere. To opt-out of single project mode add/set the '"singleProjectMode": false' property in the firebase.json emulators config.
Multiple projectIds are not recommended in single project mode. Requested project ID bioblitz-rules-test, but the emulator is configured for bioblitz-mitosisphere. To opt-out of single project mode add/set the '"singleProjectMode": false' property in the firebase.json emulators config.
Multiple projectIds are not recommended in single project mode. Requested project ID bioblitz-rules-test, but the emulator is configured for bioblitz-mitosisphere. To opt-out of single project mode add/set the '"singleProjectMode": false' property in the firebase.json emulators config.
Multiple projectIds are not recommended in single project mode. Requested project ID bioblitz-rules-test, but the emulator is configured for bioblitz-mitosisphere. To opt-out of single project mode add/set the '"singleProjectMode": false' property in the firebase.json emulators config.
Multiple projectIds are not recommended in single project mode. Requested project ID bioblitz-rules-test, but the emulator is configured for bioblitz-mitosisphere. To opt-out of single project mode add/set the '"singleProjectMode": false' property in the firebase.json emulators config.
Multiple projectIds are not recommended in single project mode. Requested project ID bioblitz-rules-test, but the emulator is configured for bioblitz-mitosisphere. To opt-out of single project mode add/set the '"singleProjectMode": false' property in the firebase.json emulators config.
Multiple projectIds are not recommended in single project mode. Requested project ID bioblitz-rules-test, but the emulator is configured for bioblitz-mitosisphere. To opt-out of single project mode add/set the '"singleProjectMode": false' property in the firebase.json emulators config.
Multiple projectIds are not recommended in single project mode. Requested project ID bioblitz-rules-test, but the emulator is configured for bioblitz-mitosisphere. To opt-out of single project mode add/set the '"singleProjectMode": false' property in the firebase.json emulators config.
Multiple projectIds are not recommended in single project mode. Requested project ID bioblitz-rules-test, but the emulator is configured for bioblitz-mitosisphere. To opt-out of single project mode add/set the '"singleProjectMode": false' property in the firebase.json emulators config.
Multiple projectIds are not recommended in single project mode. Requested project ID bioblitz-rules-test, but the emulator is configured for bioblitz-mitosisphere. To opt-out of single project mode add/set the '"singleProjectMode": false' property in the firebase.json emulators config.
Multiple projectIds are not recommended in single project mode. Requested project ID bioblitz-rules-test, but the emulator is configured for bioblitz-mitosisphere. To opt-out of single project mode add/set the '"singleProjectMode": false' property in the firebase.json emulators config.
Sep 22, 2026 9:36:10 PM com.google.cloud.datastore.emulator.impl.util.WrappedStreamObserver onError
WARNING: Operation failed: 
evaluation error at L240:26 for 'create' @ L240, evaluation error at L258:26 for 'update' @ L258, false for 'create' @ L240
com.google.cloud.datastore.core.exception.DatastoreException: 
evaluation error at L240:26 for 'create' @ L240, evaluation error at L258:26 for 'update' @ L258, false for 'create' @ L240
	at com.google.cloud.datastore.core.exception.DatastoreException$Builder.build(DatastoreException.java:152)
	at com.google.cloud.datastore.emulator.impl.rules.DefaultEmulatorRulesAuthorizer.verboseError(DefaultEmulatorRulesAuthorizer.java:349)
	at com.google.cloud.datastore.emulator.impl.rules.DefaultEmulatorRulesAuthorizer.withVerboseErrors(DefaultEmulatorRulesAuthorizer.java:326)
	at com.google.cloud.datastore.emulator.impl.rules.DefaultEmulatorRulesAuthorizer.checkCommit(DefaultEmulatorRulesAuthorizer.java:114)
	at com.google.cloud.datastore.emulator.impl.firestore.FirestoreEmulatorHelper.commitHelper(FirestoreEmulatorHelper.java:386)
	at com.google.cloud.datastore.emulator.impl.firestore.FirestoreEmulatorHelper.internalCommit(FirestoreEmulatorHelper.java:336)
	at com.google.cloud.datastore.emulator.impl.firestore.CloudFirestoreV1.internalCommit(CloudFirestoreV1.java:1245)
	at com.google.cloud.datastore.emulator.impl.firestore.CloudFirestoreV1.write(CloudFirestoreV1.java:1232)
	at com.google.cloud.datastore.emulator.impl.firestore.CloudFirestoreV1WriteStream.handleRequest(CloudFirestoreV1WriteStream.java:222)
	at com.google.cloud.datastore.emulator.impl.firestore.CloudFirestoreV1WriteStream.write(CloudFirestoreV1WriteStream.java:144)
	at com.google.cloud.datastore.emulator.impl.firestore.CloudFirestoreV1WriteStream.onNext(CloudFirestoreV1WriteStream.java:99)
	at com.google.cloud.datastore.emulator.impl.firestore.CloudFirestoreV1WriteStream.onNext(CloudFirestoreV1WriteStream.java:27)
	at io.grpc.stub.ServerCalls$StreamingServerCallHandler$StreamingServerCallListener.onMessage(ServerCalls.java:262)
	at io.grpc.ForwardingServerCallListener.onMessage(ForwardingServerCallListener.java:33)
	at io.grpc.Contexts$ContextualizedServerCallListener.onMessage(Contexts.java:76)
	at io.grpc.ForwardingServerCallListener.onMessage(ForwardingServerCallListener.java:33)
	at io.grpc.Contexts$ContextualizedServerCallListener.onMessage(Contexts.java:76)
	at io.grpc.internal.ServerCallImpl$ServerStreamListenerImpl.messagesAvailableInternal(ServerCallImpl.java:334)
	at io.grpc.internal.ServerCallImpl$ServerStreamListenerImpl.messagesAvailable(ServerCallImpl.java:319)
	at io.grpc.internal.ServerImpl$JumpToApplicationThreadServerStreamListener$1MessagesAvailable.runInContext(ServerImpl.java:834)
	at io.grpc.internal.ContextRunnable.run(ContextRunnable.java:37)
	at io.grpc.internal.SerializingExecutor.run(SerializingExecutor.java:133)
	at java.base/java.util.concurrent.ThreadPoolExecutor.runWorker(ThreadPoolExecutor.java:1144)
	at java.base/java.util.concurrent.ThreadPoolExecutor$Worker.run(ThreadPoolExecutor.java:642)
	at java.base/java.lang.Thread.run(Thread.java:1583)

Multiple projectIds are not recommended in single project mode. Requested project ID bioblitz-rules-test, but the emulator is configured for bioblitz-mitosisphere. To opt-out of single project mode add/set the '"singleProjectMode": false' property in the firebase.json emulators config.
Multiple projectIds are not recommended in single project mode. Requested project ID bioblitz-rules-test, but the emulator is configured for bioblitz-mitosisphere. To opt-out of single project mode add/set the '"singleProjectMode": false' property in the firebase.json emulators config.
Multiple projectIds are not recommended in single project mode. Requested project ID bioblitz-rules-test, but the emulator is configured for bioblitz-mitosisphere. To opt-out of single project mode add/set the '"singleProjectMode": false' property in the firebase.json emulators config.
Multiple projectIds are not recommended in single project mode. Requested project ID bioblitz-rules-test, but the emulator is configured for bioblitz-mitosisphere. To opt-out of single project mode add/set the '"singleProjectMode": false' property in the firebase.json emulators config.
Multiple projectIds are not recommended in single project mode. Requested project ID bioblitz-rules-test, but the emulator is configured for bioblitz-mitosisphere. To opt-out of single project mode add/set the '"singleProjectMode": false' property in the firebase.json emulators config.
Multiple projectIds are not recommended in single project mode. Requested project ID bioblitz-rules-test, but the emulator is configured for bioblitz-mitosisphere. To opt-out of single project mode add/set the '"singleProjectMode": false' property in the firebase.json emulators config.
Multiple projectIds are not recommended in single project mode. Requested project ID bioblitz-rules-test, but the emulator is configured for bioblitz-mitosisphere. To opt-out of single project mode add/set the '"singleProjectMode": false' property in the firebase.json emulators config.
Multiple projectIds are not recommended in single project mode. Requested project ID bioblitz-rules-test, but the emulator is configured for bioblitz-mitosisphere. To opt-out of single project mode add/set the '"singleProjectMode": false' property in the firebase.json emulators config.
Multiple projectIds are not recommended in single project mode. Requested project ID bioblitz-rules-test, but the emulator is configured for bioblitz-mitosisphere. To opt-out of single project mode add/set the '"singleProjectMode": false' property in the firebase.json emulators config.
Multiple projectIds are not recommended in single project mode. Requested project ID bioblitz-rules-test, but the emulator is configured for bioblitz-mitosisphere. To opt-out of single project mode add/set the '"singleProjectMode": false' property in the firebase.json emulators config.
Multiple projectIds are not recommended in single project mode. Requested project ID bioblitz-rules-test, but the emulator is configured for bioblitz-mitosisphere. To opt-out of single project mode add/set the '"singleProjectMode": false' property in the firebase.json emulators config.
Multiple projectIds are not recommended in single project mode. Requested project ID bioblitz-rules-test, but the emulator is configured for bioblitz-mitosisphere. To opt-out of single project mode add/set the '"singleProjectMode": false' property in the firebase.json emulators config.
Multiple projectIds are not recommended in single project mode. Requested project ID bioblitz-rules-test, but the emulator is configured for bioblitz-mitosisphere. To opt-out of single project mode add/set the '"singleProjectMode": false' property in the firebase.json emulators config.
Multiple projectIds are not recommended in single project mode. Requested project ID bioblitz-rules-test, but the emulator is configured for bioblitz-mitosisphere. To opt-out of single project mode add/set the '"singleProjectMode": false' property in the firebase.json emulators config.
Multiple projectIds are not recommended in single project mode. Requested project ID bioblitz-rules-test, but the emulator is configured for bioblitz-mitosisphere. To opt-out of single project mode add/set the '"singleProjectMode": false' property in the firebase.json emulators config.
Multiple projectIds are not recommended in single project mode. Requested project ID bioblitz-rules-test, but the emulator is configured for bioblitz-mitosisphere. To opt-out of single project mode add/set the '"singleProjectMode": false' property in the firebase.json emulators config.
Multiple projectIds are not recommended in single project mode. Requested project ID bioblitz-rules-test, but the emulator is configured for bioblitz-mitosisphere. To opt-out of single project mode add/set the '"singleProjectMode": false' property in the firebase.json emulators config.
Multiple projectIds are not recommended in single project mode. Requested project ID bioblitz-rules-test, but the emulator is configured for bioblitz-mitosisphere. To opt-out of single project mode add/set the '"singleProjectMode": false' property in the firebase.json emulators config.
Multiple projectIds are not recommended in single project mode. Requested project ID bioblitz-rules-test, but the emulator is configured for bioblitz-mitosisphere. To opt-out of single project mode add/set the '"singleProjectMode": false' property in the firebase.json emulators config.
Multiple projectIds are not recommended in single project mode. Requested project ID bioblitz-rules-test, but the emulator is configured for bioblitz-mitosisphere. To opt-out of single project mode add/set the '"singleProjectMode": false' property in the firebase.json emulators config.
Multiple projectIds are not recommended in single project mode. Requested project ID bioblitz-rules-test, but the emulator is configured for bioblitz-mitosisphere. To opt-out of single project mode add/set the '"singleProjectMode": false' property in the firebase.json emulators config.
Multiple projectIds are not recommended in single project mode. Requested project ID bioblitz-rules-test, but the emulator is configured for bioblitz-mitosisphere. To opt-out of single project mode add/set the '"singleProjectMode": false' property in the firebase.json emulators config.
Multiple projectIds are not recommended in single project mode. Requested project ID bioblitz-rules-test, but the emulator is configured for bioblitz-mitosisphere. To opt-out of single project mode add/set the '"singleProjectMode": false' property in the firebase.json emulators config.
Multiple projectIds are not recommended in single project mode. Requested project ID bioblitz-rules-test, but the emulator is configured for bioblitz-mitosisphere. To opt-out of single project mode add/set the '"singleProjectMode": false' property in the firebase.json emulators config.
Multiple projectIds are not recommended in single project mode. Requested project ID bioblitz-rules-test, but the emulator is configured for bioblitz-mitosisphere. To opt-out of single project mode add/set the '"singleProjectMode": false' property in the firebase.json emulators config.
Multiple projectIds are not recommended in single project mode. Requested project ID bioblitz-rules-test, but the emulator is configured for bioblitz-mitosisphere. To opt-out of single project mode add/set the '"singleProjectMode": false' property in the firebase.json emulators config.
Multiple projectIds are not recommended in single project mode. Requested project ID bioblitz-rules-test, but the emulator is configured for bioblitz-mitosisphere. To opt-out of single project mode add/set the '"singleProjectMode": false' property in the firebase.json emulators config.
Multiple projectIds are not recommended in single project mode. Requested project ID bioblitz-rules-test, but the emulator is configured for bioblitz-mitosisphere. To opt-out of single project mode add/set the '"singleProjectMode": false' property in the firebase.json emulators config.
Multiple projectIds are not recommended in single project mode. Requested project ID bioblitz-rules-test, but the emulator is configured for bioblitz-mitosisphere. To opt-out of single project mode add/set the '"singleProjectMode": false' property in the firebase.json emulators config.
Multiple projectIds are not recommended in single project mode. Requested project ID bioblitz-rules-test, but the emulator is configured for bioblitz-mitosisphere. To opt-out of single project mode add/set the '"singleProjectMode": false' property in the firebase.json emulators config.
Multiple projectIds are not recommended in single project mode. Requested project ID bioblitz-rules-test, but the emulator is configured for bioblitz-mitosisphere. To opt-out of single project mode add/set the '"singleProjectMode": false' property in the firebase.json emulators config.
Multiple projectIds are not recommended in single project mode. Requested project ID bioblitz-rules-test, but the emulator is configured for bioblitz-mitosisphere. To opt-out of single project mode add/set the '"singleProjectMode": false' property in the firebase.json emulators config.
Multiple projectIds are not recommended in single project mode. Requested project ID bioblitz-rules-test, but the emulator is configured for bioblitz-mitosisphere. To opt-out of single project mode add/set the '"singleProjectMode": false' property in the firebase.json emulators config.
Multiple projectIds are not recommended in single project mode. Requested project ID bioblitz-rules-test, but the emulator is configured for bioblitz-mitosisphere. To opt-out of single project mode add/set the '"singleProjectMode": false' property in the firebase.json emulators config.
Multiple projectIds are not recommended in single project mode. Requested project ID bioblitz-rules-test, but the emulator is configured for bioblitz-mitosisphere. To opt-out of single project mode add/set the '"singleProjectMode": false' property in the firebase.json emulators config.
Multiple projectIds are not recommended in single project mode. Requested project ID bioblitz-rules-test, but the emulator is configured for bioblitz-mitosisphere. To opt-out of single project mode add/set the '"singleProjectMode": false' property in the firebase.json emulators config.
Multiple projectIds are not recommended in single project mode. Requested project ID bioblitz-rules-test, but the emulator is configured for bioblitz-mitosisphere. To opt-out of single project mode add/set the '"singleProjectMode": false' property in the firebase.json emulators config.
Multiple projectIds are not recommended in single project mode. Requested project ID bioblitz-rules-test, but the emulator is configured for bioblitz-mitosisphere. To opt-out of single project mode add/set the '"singleProjectMode": false' property in the firebase.json emulators config.
Multiple projectIds are not recommended in single project mode. Requested project ID bioblitz-rules-test, but the emulator is configured for bioblitz-mitosisphere. To opt-out of single project mode add/set the '"singleProjectMode": false' property in the firebase.json emulators config.
Multiple projectIds are not recommended in single project mode. Requested project ID bioblitz-rules-test, but the emulator is configured for bioblitz-mitosisphere. To opt-out of single project mode add/set the '"singleProjectMode": false' property in the firebase.json emulators config.
Multiple projectIds are not recommended in single project mode. Requested project ID bioblitz-rules-test, but the emulator is configured for bioblitz-mitosisphere. To opt-out of single project mode add/set the '"singleProjectMode": false' property in the firebase.json emulators config.
Multiple projectIds are not recommended in single project mode. Requested project ID bioblitz-rules-test, but the emulator is configured for bioblitz-mitosisphere. To opt-out of single project mode add/set the '"singleProjectMode": false' property in the firebase.json emulators config.
Multiple projectIds are not recommended in single project mode. Requested project ID bioblitz-rules-test, but the emulator is configured for bioblitz-mitosisphere. To opt-out of single project mode add/set the '"singleProjectMode": false' property in the firebase.json emulators config.
Multiple projectIds are not recommended in single project mode. Requested project ID bioblitz-rules-test, but the emulator is configured for bioblitz-mitosisphere. To opt-out of single project mode add/set the '"singleProjectMode": false' property in the firebase.json emulators config.
Multiple projectIds are not recommended in single project mode. Requested project ID bioblitz-rules-test, but the emulator is configured for bioblitz-mitosisphere. To opt-out of single project mode add/set the '"singleProjectMode": false' property in the firebase.json emulators config.
Multiple projectIds are not recommended in single project mode. Requested project ID bioblitz-rules-test, but the emulator is configured for bioblitz-mitosisphere. To opt-out of single project mode add/set the '"singleProjectMode": false' property in the firebase.json emulators config.
Multiple projectIds are not recommended in single project mode. Requested project ID bioblitz-rules-test, but the emulator is configured for bioblitz-mitosisphere. To opt-out of single project mode add/set the '"singleProjectMode": false' property in the firebase.json emulators config.
Multiple projectIds are not recommended in single project mode. Requested project ID bioblitz-rules-test, but the emulator is configured for bioblitz-mitosisphere. To opt-out of single project mode add/set the '"singleProjectMode": false' property in the firebase.json emulators config.
Multiple projectIds are not recommended in single project mode. Requested project ID bioblitz-rules-test, but the emulator is configured for bioblitz-mitosisphere. To opt-out of single project mode add/set the '"singleProjectMode": false' property in the firebase.json emulators config.
Multiple projectIds are not recommended in single project mode. Requested project ID bioblitz-rules-test, but the emulator is configured for bioblitz-mitosisphere. To opt-out of single project mode add/set the '"singleProjectMode": false' property in the firebase.json emulators config.
Multiple projectIds are not recommended in single project mode. Requested project ID bioblitz-rules-test, but the emulator is configured for bioblitz-mitosisphere. To opt-out of single project mode add/set the '"singleProjectMode": false' property in the firebase.json emulators config.
Multiple projectIds are not recommended in single project mode. Requested project ID bioblitz-rules-test, but the emulator is configured for bioblitz-mitosisphere. To opt-out of single project mode add/set the '"singleProjectMode": false' property in the firebase.json emulators config.
Multiple projectIds are not recommended in single project mode. Requested project ID bioblitz-rules-test, but the emulator is configured for bioblitz-mitosisphere. To opt-out of single project mode add/set the '"singleProjectMode": false' property in the firebase.json emulators config.
Multiple projectIds are not recommended in single project mode. Requested project ID bioblitz-rules-test, but the emulator is configured for bioblitz-mitosisphere. To opt-out of single project mode add/set the '"singleProjectMode": false' property in the firebase.json emulators config.
Multiple projectIds are not recommended in single project mode. Requested project ID bioblitz-rules-test, but the emulator is configured for bioblitz-mitosisphere. To opt-out of single project mode add/set the '"singleProjectMode": false' property in the firebase.json emulators config.
Multiple projectIds are not recommended in single project mode. Requested project ID bioblitz-rules-test, but the emulator is configured for bioblitz-mitosisphere. To opt-out of single project mode add/set the '"singleProjectMode": false' property in the firebase.json emulators config.
Multiple projectIds are not recommended in single project mode. Requested project ID bioblitz-rules-test, but the emulator is configured for bioblitz-mitosisphere. To opt-out of single project mode add/set the '"singleProjectMode": false' property in the firebase.json emulators config.
Multiple projectIds are not recommended in single project mode. Requested project ID bioblitz-rules-test, but the emulator is configured for bioblitz-mitosisphere. To opt-out of single project mode add/set the '"singleProjectMode": false' property in the firebase.json emulators config.
Multiple projectIds are not recommended in single project mode. Requested project ID bioblitz-rules-test, but the emulator is configured for bioblitz-mitosisphere. To opt-out of single project mode add/set the '"singleProjectMode": false' property in the firebase.json emulators config.
Multiple projectIds are not recommended in single project mode. Requested project ID bioblitz-rules-test, but the emulator is configured for bioblitz-mitosisphere. To opt-out of single project mode add/set the '"singleProjectMode": false' property in the firebase.json emulators config.
Multiple projectIds are not recommended in single project mode. Requested project ID bioblitz-rules-test, but the emulator is configured for bioblitz-mitosisphere. To opt-out of single project mode add/set the '"singleProjectMode": false' property in the firebase.json emulators config.
Multiple projectIds are not recommended in single project mode. Requested project ID bioblitz-rules-test, but the emulator is configured for bioblitz-mitosisphere. To opt-out of single project mode add/set the '"singleProjectMode": false' property in the firebase.json emulators config.
Sep 22, 2026 9:36:10 PM com.google.cloud.datastore.emulator.impl.util.WrappedStreamObserver onError
WARNING: Operation failed: 
evaluation error at L258:26 for 'update' @ L258, false for 'update' @ L258
com.google.cloud.datastore.core.exception.DatastoreException: 
evaluation error at L258:26 for 'update' @ L258, false for 'update' @ L258
	at com.google.cloud.datastore.core.exception.DatastoreException$Builder.build(DatastoreException.java:152)
	at com.google.cloud.datastore.emulator.impl.rules.DefaultEmulatorRulesAuthorizer.verboseError(DefaultEmulatorRulesAuthorizer.java:349)
	at com.google.cloud.datastore.emulator.impl.rules.DefaultEmulatorRulesAuthorizer.withVerboseErrors(DefaultEmulatorRulesAuthorizer.java:326)
	at com.google.cloud.datastore.emulator.impl.rules.DefaultEmulatorRulesAuthorizer.checkCommit(DefaultEmulatorRulesAuthorizer.java:114)
	at com.google.cloud.datastore.emulator.impl.firestore.FirestoreEmulatorHelper.commitHelper(FirestoreEmulatorHelper.java:386)
	at com.google.cloud.datastore.emulator.impl.firestore.FirestoreEmulatorHelper.internalCommit(FirestoreEmulatorHelper.java:336)
	at com.google.cloud.datastore.emulator.impl.firestore.CloudFirestoreV1.internalCommit(CloudFirestoreV1.java:1245)
	at com.google.cloud.datastore.emulator.impl.firestore.CloudFirestoreV1.write(CloudFirestoreV1.java:1232)
	at com.google.cloud.datastore.emulator.impl.firestore.CloudFirestoreV1WriteStream.handleRequest(CloudFirestoreV1WriteStream.java:222)
	at com.google.cloud.datastore.emulator.impl.firestore.CloudFirestoreV1WriteStream.write(CloudFirestoreV1WriteStream.java:144)
	at com.google.cloud.datastore.emulator.impl.firestore.CloudFirestoreV1WriteStream.onNext(CloudFirestoreV1WriteStream.java:99)
	at com.google.cloud.datastore.emulator.impl.firestore.CloudFirestoreV1WriteStream.onNext(CloudFirestoreV1WriteStream.java:27)
	at io.grpc.stub.ServerCalls$StreamingServerCallHandler$StreamingServerCallListener.onMessage(ServerCalls.java:262)
	at io.grpc.ForwardingServerCallListener.onMessage(ForwardingServerCallListener.java:33)
	at io.grpc.Contexts$ContextualizedServerCallListener.onMessage(Contexts.java:76)
	at io.grpc.ForwardingServerCallListener.onMessage(ForwardingServerCallListener.java:33)
	at io.grpc.Contexts$ContextualizedServerCallListener.onMessage(Contexts.java:76)
	at io.grpc.internal.ServerCallImpl$ServerStreamListenerImpl.messagesAvailableInternal(ServerCallImpl.java:334)
	at io.grpc.internal.ServerCallImpl$ServerStreamListenerImpl.messagesAvailable(ServerCallImpl.java:319)
	at io.grpc.internal.ServerImpl$JumpToApplicationThreadServerStreamListener$1MessagesAvailable.runInContext(ServerImpl.java:834)
	at io.grpc.internal.ContextRunnable.run(ContextRunnable.java:37)
	at io.grpc.internal.SerializingExecutor.run(SerializingExecutor.java:133)
	at java.base/java.util.concurrent.ThreadPoolExecutor.runWorker(ThreadPoolExecutor.java:1144)
	at java.base/java.util.concurrent.ThreadPoolExecutor$Worker.run(ThreadPoolExecutor.java:642)
	at java.base/java.lang.Thread.run(Thread.java:1583)

Multiple projectIds are not recommended in single project mode. Requested project ID bioblitz-rules-test, but the emulator is configured for bioblitz-mitosisphere. To opt-out of single project mode add/set the '"singleProjectMode": false' property in the firebase.json emulators config.
Multiple projectIds are not recommended in single project mode. Requested project ID bioblitz-rules-test, but the emulator is configured for bioblitz-mitosisphere. To opt-out of single project mode add/set the '"singleProjectMode": false' property in the firebase.json emulators config.
Multiple projectIds are not recommended in single project mode. Requested project ID bioblitz-rules-test, but the emulator is configured for bioblitz-mitosisphere. To opt-out of single project mode add/set the '"singleProjectMode": false' property in the firebase.json emulators config.
Multiple projectIds are not recommended in single project mode. Requested project ID bioblitz-rules-test, but the emulator is configured for bioblitz-mitosisphere. To opt-out of single project mode add/set the '"singleProjectMode": false' property in the firebase.json emulators config.
Multiple projectIds are not recommended in single project mode. Requested project ID bioblitz-rules-test, but the emulator is configured for bioblitz-mitosisphere. To opt-out of single project mode add/set the '"singleProjectMode": false' property in the firebase.json emulators config.
Multiple projectIds are not recommended in single project mode. Requested project ID bioblitz-rules-test, but the emulator is configured for bioblitz-mitosisphere. To opt-out of single project mode add/set the '"singleProjectMode": false' property in the firebase.json emulators config.
Multiple projectIds are not recommended in single project mode. Requested project ID bioblitz-rules-test, but the emulator is configured for bioblitz-mitosisphere. To opt-out of single project mode add/set the '"singleProjectMode": false' property in the firebase.json emulators config.
Multiple projectIds are not recommended in single project mode. Requested project ID bioblitz-rules-test, but the emulator is configured for bioblitz-mitosisphere. To opt-out of single project mode add/set the '"singleProjectMode": false' property in the firebase.json emulators config.
Multiple projectIds are not recommended in single project mode. Requested project ID bioblitz-rules-test, but the emulator is configured for bioblitz-mitosisphere. To opt-out of single project mode add/set the '"singleProjectMode": false' property in the firebase.json emulators config.
Multiple projectIds are not recommended in single project mode. Requested project ID bioblitz-rules-test, but the emulator is configured for bioblitz-mitosisphere. To opt-out of single project mode add/set the '"singleProjectMode": false' property in the firebase.json emulators config.
Multiple projectIds are not recommended in single project mode. Requested project ID bioblitz-rules-test, but the emulator is configured for bioblitz-mitosisphere. To opt-out of single project mode add/set the '"singleProjectMode": false' property in the firebase.json emulators config.
Multiple projectIds are not recommended in single project mode. Requested project ID bioblitz-rules-test, but the emulator is configured for bioblitz-mitosisphere. To opt-out of single project mode add/set the '"singleProjectMode": false' property in the firebase.json emulators config.
Sep 22, 2026 9:36:10 PM com.google.cloud.datastore.emulator.impl.util.WrappedStreamObserver onError
WARNING: Operation failed: 
evaluation error at L258:26 for 'update' @ L258, false for 'update' @ L258
com.google.cloud.datastore.core.exception.DatastoreException: 
evaluation error at L258:26 for 'update' @ L258, false for 'update' @ L258
	at com.google.cloud.datastore.core.exception.DatastoreException$Builder.build(DatastoreException.java:152)
	at com.google.cloud.datastore.emulator.impl.rules.DefaultEmulatorRulesAuthorizer.verboseError(DefaultEmulatorRulesAuthorizer.java:349)
	at com.google.cloud.datastore.emulator.impl.rules.DefaultEmulatorRulesAuthorizer.withVerboseErrors(DefaultEmulatorRulesAuthorizer.java:326)
	at com.google.cloud.datastore.emulator.impl.rules.DefaultEmulatorRulesAuthorizer.checkCommit(DefaultEmulatorRulesAuthorizer.java:114)
	at com.google.cloud.datastore.emulator.impl.firestore.FirestoreEmulatorHelper.commitHelper(FirestoreEmulatorHelper.java:386)
	at com.google.cloud.datastore.emulator.impl.firestore.FirestoreEmulatorHelper.internalCommit(FirestoreEmulatorHelper.java:336)
	at com.google.cloud.datastore.emulator.impl.firestore.CloudFirestoreV1.internalCommit(CloudFirestoreV1.java:1245)
	at com.google.cloud.datastore.emulator.impl.firestore.CloudFirestoreV1.write(CloudFirestoreV1.java:1232)
	at com.google.cloud.datastore.emulator.impl.firestore.CloudFirestoreV1WriteStream.handleRequest(CloudFirestoreV1WriteStream.java:222)
	at com.google.cloud.datastore.emulator.impl.firestore.CloudFirestoreV1WriteStream.write(CloudFirestoreV1WriteStream.java:144)
	at com.google.cloud.datastore.emulator.impl.firestore.CloudFirestoreV1WriteStream.onNext(CloudFirestoreV1WriteStream.java:99)
	at com.google.cloud.datastore.emulator.impl.firestore.CloudFirestoreV1WriteStream.onNext(CloudFirestoreV1WriteStream.java:27)
	at io.grpc.stub.ServerCalls$StreamingServerCallHandler$StreamingServerCallListener.onMessage(ServerCalls.java:262)
	at io.grpc.ForwardingServerCallListener.onMessage(ForwardingServerCallListener.java:33)
	at io.grpc.Contexts$ContextualizedServerCallListener.onMessage(Contexts.java:76)
	at io.grpc.ForwardingServerCallListener.onMessage(ForwardingServerCallListener.java:33)
	at io.grpc.Contexts$ContextualizedServerCallListener.onMessage(Contexts.java:76)
	at io.grpc.internal.ServerCallImpl$ServerStreamListenerImpl.messagesAvailableInternal(ServerCallImpl.java:334)
	at io.grpc.internal.ServerCallImpl$ServerStreamListenerImpl.messagesAvailable(ServerCallImpl.java:319)
	at io.grpc.internal.ServerImpl$JumpToApplicationThreadServerStreamListener$1MessagesAvailable.runInContext(ServerImpl.java:834)
	at io.grpc.internal.ContextRunnable.run(ContextRunnable.java:37)
	at io.grpc.internal.SerializingExecutor.run(SerializingExecutor.java:133)
	at java.base/java.util.concurrent.ThreadPoolExecutor.runWorker(ThreadPoolExecutor.java:1144)
	at java.base/java.util.concurrent.ThreadPoolExecutor$Worker.run(ThreadPoolExecutor.java:642)
	at java.base/java.lang.Thread.run(Thread.java:1583)

Multiple projectIds are not recommended in single project mode. Requested project ID bioblitz-rules-test, but the emulator is configured for bioblitz-mitosisphere. To opt-out of single project mode add/set the '"singleProjectMode": false' property in the firebase.json emulators config.
Multiple projectIds are not recommended in single project mode. Requested project ID bioblitz-rules-test, but the emulator is configured for bioblitz-mitosisphere. To opt-out of single project mode add/set the '"singleProjectMode": false' property in the firebase.json emulators config.
Multiple projectIds are not recommended in single project mode. Requested project ID bioblitz-rules-test, but the emulator is configured for bioblitz-mitosisphere. To opt-out of single project mode add/set the '"singleProjectMode": false' property in the firebase.json emulators config.
Multiple projectIds are not recommended in single project mode. Requested project ID bioblitz-rules-test, but the emulator is configured for bioblitz-mitosisphere. To opt-out of single project mode add/set the '"singleProjectMode": false' property in the firebase.json emulators config.
Multiple projectIds are not recommended in single project mode. Requested project ID bioblitz-rules-test, but the emulator is configured for bioblitz-mitosisphere. To opt-out of single project mode add/set the '"singleProjectMode": false' property in the firebase.json emulators config.
Multiple projectIds are not recommended in single project mode. Requested project ID bioblitz-rules-test, but the emulator is configured for bioblitz-mitosisphere. To opt-out of single project mode add/set the '"singleProjectMode": false' property in the firebase.json emulators config.
Multiple projectIds are not recommended in single project mode. Requested project ID bioblitz-rules-test, but the emulator is configured for bioblitz-mitosisphere. To opt-out of single project mode add/set the '"singleProjectMode": false' property in the firebase.json emulators config.
Multiple projectIds are not recommended in single project mode. Requested project ID bioblitz-rules-test, but the emulator is configured for bioblitz-mitosisphere. To opt-out of single project mode add/set the '"singleProjectMode": false' property in the firebase.json emulators config.
Multiple projectIds are not recommended in single project mode. Requested project ID bioblitz-rules-test, but the emulator is configured for bioblitz-mitosisphere. To opt-out of single project mode add/set the '"singleProjectMode": false' property in the firebase.json emulators config.
Multiple projectIds are not recommended in single project mode. Requested project ID bioblitz-rules-test, but the emulator is configured for bioblitz-mitosisphere. To opt-out of single project mode add/set the '"singleProjectMode": false' property in the firebase.json emulators config.
Multiple projectIds are not recommended in single project mode. Requested project ID bioblitz-rules-test, but the emulator is configured for bioblitz-mitosisphere. To opt-out of single project mode add/set the '"singleProjectMode": false' property in the firebase.json emulators config.
Multiple projectIds are not recommended in single project mode. Requested project ID bioblitz-rules-test, but the emulator is configured for bioblitz-mitosisphere. To opt-out of single project mode add/set the '"singleProjectMode": false' property in the firebase.json emulators config.
Sep 22, 2026 9:36:10 PM com.google.cloud.datastore.emulator.impl.util.WrappedStreamObserver onError
WARNING: Operation failed: 
evaluation error at L258:26 for 'update' @ L258, false for 'update' @ L258
com.google.cloud.datastore.core.exception.DatastoreException: 
evaluation error at L258:26 for 'update' @ L258, false for 'update' @ L258
	at com.google.cloud.datastore.core.exception.DatastoreException$Builder.build(DatastoreException.java:152)
	at com.google.cloud.datastore.emulator.impl.rules.DefaultEmulatorRulesAuthorizer.verboseError(DefaultEmulatorRulesAuthorizer.java:349)
	at com.google.cloud.datastore.emulator.impl.rules.DefaultEmulatorRulesAuthorizer.withVerboseErrors(DefaultEmulatorRulesAuthorizer.java:326)
	at com.google.cloud.datastore.emulator.impl.rules.DefaultEmulatorRulesAuthorizer.checkCommit(DefaultEmulatorRulesAuthorizer.java:114)
	at com.google.cloud.datastore.emulator.impl.firestore.FirestoreEmulatorHelper.commitHelper(FirestoreEmulatorHelper.java:386)
	at com.google.cloud.datastore.emulator.impl.firestore.FirestoreEmulatorHelper.internalCommit(FirestoreEmulatorHelper.java:336)
	at com.google.cloud.datastore.emulator.impl.firestore.CloudFirestoreV1.internalCommit(CloudFirestoreV1.java:1245)
	at com.google.cloud.datastore.emulator.impl.firestore.CloudFirestoreV1.write(CloudFirestoreV1.java:1232)
	at com.google.cloud.datastore.emulator.impl.firestore.CloudFirestoreV1WriteStream.handleRequest(CloudFirestoreV1WriteStream.java:222)
	at com.google.cloud.datastore.emulator.impl.firestore.CloudFirestoreV1WriteStream.write(CloudFirestoreV1WriteStream.java:144)
	at com.google.cloud.datastore.emulator.impl.firestore.CloudFirestoreV1WriteStream.onNext(CloudFirestoreV1WriteStream.java:99)
	at com.google.cloud.datastore.emulator.impl.firestore.CloudFirestoreV1WriteStream.onNext(CloudFirestoreV1WriteStream.java:27)
	at io.grpc.stub.ServerCalls$StreamingServerCallHandler$StreamingServerCallListener.onMessage(ServerCalls.java:262)
	at io.grpc.ForwardingServerCallListener.onMessage(ForwardingServerCallListener.java:33)
	at io.grpc.Contexts$ContextualizedServerCallListener.onMessage(Contexts.java:76)
	at io.grpc.ForwardingServerCallListener.onMessage(ForwardingServerCallListener.java:33)
	at io.grpc.Contexts$ContextualizedServerCallListener.onMessage(Contexts.java:76)
	at io.grpc.internal.ServerCallImpl$ServerStreamListenerImpl.messagesAvailableInternal(ServerCallImpl.java:334)
	at io.grpc.internal.ServerCallImpl$ServerStreamListenerImpl.messagesAvailable(ServerCallImpl.java:319)
	at io.grpc.internal.ServerImpl$JumpToApplicationThreadServerStreamListener$1MessagesAvailable.runInContext(ServerImpl.java:834)
	at io.grpc.internal.ContextRunnable.run(ContextRunnable.java:37)
	at io.grpc.internal.SerializingExecutor.run(SerializingExecutor.java:133)
	at java.base/java.util.concurrent.ThreadPoolExecutor.runWorker(ThreadPoolExecutor.java:1144)
	at java.base/java.util.concurrent.ThreadPoolExecutor$Worker.run(ThreadPoolExecutor.java:642)
	at java.base/java.lang.Thread.run(Thread.java:1583)

Multiple projectIds are not recommended in single project mode. Requested project ID bioblitz-rules-test, but the emulator is configured for bioblitz-mitosisphere. To opt-out of single project mode add/set the '"singleProjectMode": false' property in the firebase.json emulators config.
Multiple projectIds are not recommended in single project mode. Requested project ID bioblitz-rules-test, but the emulator is configured for bioblitz-mitosisphere. To opt-out of single project mode add/set the '"singleProjectMode": false' property in the firebase.json emulators config.
Multiple projectIds are not recommended in single project mode. Requested project ID bioblitz-rules-test, but the emulator is configured for bioblitz-mitosisphere. To opt-out of single project mode add/set the '"singleProjectMode": false' property in the firebase.json emulators config.
Multiple projectIds are not recommended in single project mode. Requested project ID bioblitz-rules-test, but the emulator is configured for bioblitz-mitosisphere. To opt-out of single project mode add/set the '"singleProjectMode": false' property in the firebase.json emulators config.
Multiple projectIds are not recommended in single project mode. Requested project ID bioblitz-rules-test, but the emulator is configured for bioblitz-mitosisphere. To opt-out of single project mode add/set the '"singleProjectMode": false' property in the firebase.json emulators config.
Multiple projectIds are not recommended in single project mode. Requested project ID bioblitz-rules-test, but the emulator is configured for bioblitz-mitosisphere. To opt-out of single project mode add/set the '"singleProjectMode": false' property in the firebase.json emulators config.
Multiple projectIds are not recommended in single project mode. Requested project ID bioblitz-rules-test, but the emulator is configured for bioblitz-mitosisphere. To opt-out of single project mode add/set the '"singleProjectMode": false' property in the firebase.json emulators config.
Multiple projectIds are not recommended in single project mode. Requested project ID bioblitz-rules-test, but the emulator is configured for bioblitz-mitosisphere. To opt-out of single project mode add/set the '"singleProjectMode": false' property in the firebase.json emulators config.
Multiple projectIds are not recommended in single project mode. Requested project ID bioblitz-rules-test, but the emulator is configured for bioblitz-mitosisphere. To opt-out of single project mode add/set the '"singleProjectMode": false' property in the firebase.json emulators config.
Multiple projectIds are not recommended in single project mode. Requested project ID bioblitz-rules-test, but the emulator is configured for bioblitz-mitosisphere. To opt-out of single project mode add/set the '"singleProjectMode": false' property in the firebase.json emulators config.
Multiple projectIds are not recommended in single project mode. Requested project ID bioblitz-rules-test, but the emulator is configured for bioblitz-mitosisphere. To opt-out of single project mode add/set the '"singleProjectMode": false' property in the firebase.json emulators config.
Multiple projectIds are not recommended in single project mode. Requested project ID bioblitz-rules-test, but the emulator is configured for bioblitz-mitosisphere. To opt-out of single project mode add/set the '"singleProjectMode": false' property in the firebase.json emulators config.
Multiple projectIds are not recommended in single project mode. Requested project ID bioblitz-rules-test, but the emulator is configured for bioblitz-mitosisphere. To opt-out of single project mode add/set the '"singleProjectMode": false' property in the firebase.json emulators config.
Multiple projectIds are not recommended in single project mode. Requested project ID bioblitz-rules-test, but the emulator is configured for bioblitz-mitosisphere. To opt-out of single project mode add/set the '"singleProjectMode": false' property in the firebase.json emulators config.
Multiple projectIds are not recommended in single project mode. Requested project ID bioblitz-rules-test, but the emulator is configured for bioblitz-mitosisphere. To opt-out of single project mode add/set the '"singleProjectMode": false' property in the firebase.json emulators config.
Multiple projectIds are not recommended in single project mode. Requested project ID bioblitz-rules-test, but the emulator is configured for bioblitz-mitosisphere. To opt-out of single project mode add/set the '"singleProjectMode": false' property in the firebase.json emulators config.
Multiple projectIds are not recommended in single project mode. Requested project ID bioblitz-rules-test, but the emulator is configured for bioblitz-mitosisphere. To opt-out of single project mode add/set the '"singleProjectMode": false' property in the firebase.json emulators config.
Multiple projectIds are not recommended in single project mode. Requested project ID bioblitz-rules-test, but the emulator is configured for bioblitz-mitosisphere. To opt-out of single project mode add/set the '"singleProjectMode": false' property in the firebase.json emulators config.
Multiple projectIds are not recommended in single project mode. Requested project ID bioblitz-rules-test, but the emulator is configured for bioblitz-mitosisphere. To opt-out of single project mode add/set the '"singleProjectMode": false' property in the firebase.json emulators config.
Multiple projectIds are not recommended in single project mode. Requested project ID bioblitz-rules-test, but the emulator is configured for bioblitz-mitosisphere. To opt-out of single project mode add/set the '"singleProjectMode": false' property in the firebase.json emulators config.
Multiple projectIds are not recommended in single project mode. Requested project ID bioblitz-rules-test, but the emulator is configured for bioblitz-mitosisphere. To opt-out of single project mode add/set the '"singleProjectMode": false' property in the firebase.json emulators config.
Multiple projectIds are not recommended in single project mode. Requested project ID bioblitz-rules-test, but the emulator is configured for bioblitz-mitosisphere. To opt-out of single project mode add/set the '"singleProjectMode": false' property in the firebase.json emulators config.
Multiple projectIds are not recommended in single project mode. Requested project ID bioblitz-rules-test, but the emulator is configured for bioblitz-mitosisphere. To opt-out of single project mode add/set the '"singleProjectMode": false' property in the firebase.json emulators config.
Multiple projectIds are not recommended in single project mode. Requested project ID bioblitz-rules-test, but the emulator is configured for bioblitz-mitosisphere. To opt-out of single project mode add/set the '"singleProjectMode": false' property in the firebase.json emulators config.
Sep 22, 2026 9:36:11 PM com.google.cloud.datastore.emulator.impl.util.WrappedStreamObserver onError
WARNING: Operation failed: 
evaluation error at L258:26 for 'update' @ L258, false for 'update' @ L258
com.google.cloud.datastore.core.exception.DatastoreException: 
evaluation error at L258:26 for 'update' @ L258, false for 'update' @ L258
	at com.google.cloud.datastore.core.exception.DatastoreException$Builder.build(DatastoreException.java:152)
	at com.google.cloud.datastore.emulator.impl.rules.DefaultEmulatorRulesAuthorizer.verboseError(DefaultEmulatorRulesAuthorizer.java:349)
	at com.google.cloud.datastore.emulator.impl.rules.DefaultEmulatorRulesAuthorizer.withVerboseErrors(DefaultEmulatorRulesAuthorizer.java:326)
	at com.google.cloud.datastore.emulator.impl.rules.DefaultEmulatorRulesAuthorizer.checkCommit(DefaultEmulatorRulesAuthorizer.java:114)
	at com.google.cloud.datastore.emulator.impl.firestore.FirestoreEmulatorHelper.commitHelper(FirestoreEmulatorHelper.java:386)
	at com.google.cloud.datastore.emulator.impl.firestore.FirestoreEmulatorHelper.internalCommit(FirestoreEmulatorHelper.java:336)
	at com.google.cloud.datastore.emulator.impl.firestore.CloudFirestoreV1.internalCommit(CloudFirestoreV1.java:1245)
	at com.google.cloud.datastore.emulator.impl.firestore.CloudFirestoreV1.write(CloudFirestoreV1.java:1232)
	at com.google.cloud.datastore.emulator.impl.firestore.CloudFirestoreV1WriteStream.handleRequest(CloudFirestoreV1WriteStream.java:222)
	at com.google.cloud.datastore.emulator.impl.firestore.CloudFirestoreV1WriteStream.write(CloudFirestoreV1WriteStream.java:144)
	at com.google.cloud.datastore.emulator.impl.firestore.CloudFirestoreV1WriteStream.onNext(CloudFirestoreV1WriteStream.java:99)
	at com.google.cloud.datastore.emulator.impl.firestore.CloudFirestoreV1WriteStream.onNext(CloudFirestoreV1WriteStream.java:27)
	at io.grpc.stub.ServerCalls$StreamingServerCallHandler$StreamingServerCallListener.onMessage(ServerCalls.java:262)
	at io.grpc.ForwardingServerCallListener.onMessage(ForwardingServerCallListener.java:33)
	at io.grpc.Contexts$ContextualizedServerCallListener.onMessage(Contexts.java:76)
	at io.grpc.ForwardingServerCallListener.onMessage(ForwardingServerCallListener.java:33)
	at io.grpc.Contexts$ContextualizedServerCallListener.onMessage(Contexts.java:76)
	at io.grpc.internal.ServerCallImpl$ServerStreamListenerImpl.messagesAvailableInternal(ServerCallImpl.java:334)
	at io.grpc.internal.ServerCallImpl$ServerStreamListenerImpl.messagesAvailable(ServerCallImpl.java:319)
	at io.grpc.internal.ServerImpl$JumpToApplicationThreadServerStreamListener$1MessagesAvailable.runInContext(ServerImpl.java:834)
	at io.grpc.internal.ContextRunnable.run(ContextRunnable.java:37)
	at io.grpc.internal.SerializingExecutor.run(SerializingExecutor.java:133)
	at java.base/java.util.concurrent.ThreadPoolExecutor.runWorker(ThreadPoolExecutor.java:1144)
	at java.base/java.util.concurrent.ThreadPoolExecutor$Worker.run(ThreadPoolExecutor.java:642)
	at java.base/java.lang.Thread.run(Thread.java:1583)

Multiple projectIds are not recommended in single project mode. Requested project ID bioblitz-rules-test, but the emulator is configured for bioblitz-mitosisphere. To opt-out of single project mode add/set the '"singleProjectMode": false' property in the firebase.json emulators config.
Multiple projectIds are not recommended in single project mode. Requested project ID bioblitz-rules-test, but the emulator is configured for bioblitz-mitosisphere. To opt-out of single project mode add/set the '"singleProjectMode": false' property in the firebase.json emulators config.
Multiple projectIds are not recommended in single project mode. Requested project ID bioblitz-rules-test, but the emulator is configured for bioblitz-mitosisphere. To opt-out of single project mode add/set the '"singleProjectMode": false' property in the firebase.json emulators config.
Multiple projectIds are not recommended in single project mode. Requested project ID bioblitz-rules-test, but the emulator is configured for bioblitz-mitosisphere. To opt-out of single project mode add/set the '"singleProjectMode": false' property in the firebase.json emulators config.
Multiple projectIds are not recommended in single project mode. Requested project ID bioblitz-rules-test, but the emulator is configured for bioblitz-mitosisphere. To opt-out of single project mode add/set the '"singleProjectMode": false' property in the firebase.json emulators config.
Multiple projectIds are not recommended in single project mode. Requested project ID bioblitz-rules-test, but the emulator is configured for bioblitz-mitosisphere. To opt-out of single project mode add/set the '"singleProjectMode": false' property in the firebase.json emulators config.
Multiple projectIds are not recommended in single project mode. Requested project ID bioblitz-rules-test, but the emulator is configured for bioblitz-mitosisphere. To opt-out of single project mode add/set the '"singleProjectMode": false' property in the firebase.json emulators config.
Multiple projectIds are not recommended in single project mode. Requested project ID bioblitz-rules-test, but the emulator is configured for bioblitz-mitosisphere. To opt-out of single project mode add/set the '"singleProjectMode": false' property in the firebase.json emulators config.
Multiple projectIds are not recommended in single project mode. Requested project ID bioblitz-rules-test, but the emulator is configured for bioblitz-mitosisphere. To opt-out of single project mode add/set the '"singleProjectMode": false' property in the firebase.json emulators config.
Multiple projectIds are not recommended in single project mode. Requested project ID bioblitz-rules-test, but the emulator is configured for bioblitz-mitosisphere. To opt-out of single project mode add/set the '"singleProjectMode": false' property in the firebase.json emulators config.
Multiple projectIds are not recommended in single project mode. Requested project ID bioblitz-rules-test, but the emulator is configured for bioblitz-mitosisphere. To opt-out of single project mode add/set the '"singleProjectMode": false' property in the firebase.json emulators config.
Multiple projectIds are not recommended in single project mode. Requested project ID bioblitz-rules-test, but the emulator is configured for bioblitz-mitosisphere. To opt-out of single project mode add/set the '"singleProjectMode": false' property in the firebase.json emulators config.
Sep 22, 2026 9:36:11 PM com.google.cloud.datastore.emulator.impl.util.WrappedStreamObserver onError
WARNING: Operation failed: 
false for 'delete' @ L272
com.google.cloud.datastore.core.exception.DatastoreException: 
false for 'delete' @ L272
	at com.google.cloud.datastore.core.exception.DatastoreException$Builder.build(DatastoreException.java:152)
	at com.google.cloud.datastore.emulator.impl.rules.DefaultEmulatorRulesAuthorizer.verboseError(DefaultEmulatorRulesAuthorizer.java:349)
	at com.google.cloud.datastore.emulator.impl.rules.DefaultEmulatorRulesAuthorizer.withVerboseErrors(DefaultEmulatorRulesAuthorizer.java:326)
	at com.google.cloud.datastore.emulator.impl.rules.DefaultEmulatorRulesAuthorizer.checkCommit(DefaultEmulatorRulesAuthorizer.java:114)
	at com.google.cloud.datastore.emulator.impl.firestore.FirestoreEmulatorHelper.commitHelper(FirestoreEmulatorHelper.java:386)
	at com.google.cloud.datastore.emulator.impl.firestore.FirestoreEmulatorHelper.internalCommit(FirestoreEmulatorHelper.java:336)
	at com.google.cloud.datastore.emulator.impl.firestore.CloudFirestoreV1.internalCommit(CloudFirestoreV1.java:1245)
	at com.google.cloud.datastore.emulator.impl.firestore.CloudFirestoreV1.write(CloudFirestoreV1.java:1232)
	at com.google.cloud.datastore.emulator.impl.firestore.CloudFirestoreV1WriteStream.handleRequest(CloudFirestoreV1WriteStream.java:222)
	at com.google.cloud.datastore.emulator.impl.firestore.CloudFirestoreV1WriteStream.write(CloudFirestoreV1WriteStream.java:144)
	at com.google.cloud.datastore.emulator.impl.firestore.CloudFirestoreV1WriteStream.onNext(CloudFirestoreV1WriteStream.java:99)
	at com.google.cloud.datastore.emulator.impl.firestore.CloudFirestoreV1WriteStream.onNext(CloudFirestoreV1WriteStream.java:27)
	at io.grpc.stub.ServerCalls$StreamingServerCallHandler$StreamingServerCallListener.onMessage(ServerCalls.java:262)
	at io.grpc.ForwardingServerCallListener.onMessage(ForwardingServerCallListener.java:33)
	at io.grpc.Contexts$ContextualizedServerCallListener.onMessage(Contexts.java:76)
	at io.grpc.ForwardingServerCallListener.onMessage(ForwardingServerCallListener.java:33)
	at io.grpc.Contexts$ContextualizedServerCallListener.onMessage(Contexts.java:76)
	at io.grpc.internal.ServerCallImpl$ServerStreamListenerImpl.messagesAvailableInternal(ServerCallImpl.java:334)
	at io.grpc.internal.ServerCallImpl$ServerStreamListenerImpl.messagesAvailable(ServerCallImpl.java:319)
	at io.grpc.internal.ServerImpl$JumpToApplicationThreadServerStreamListener$1MessagesAvailable.runInContext(ServerImpl.java:834)
	at io.grpc.internal.ContextRunnable.run(ContextRunnable.java:37)
	at io.grpc.internal.SerializingExecutor.run(SerializingExecutor.java:133)
	at java.base/java.util.concurrent.ThreadPoolExecutor.runWorker(ThreadPoolExecutor.java:1144)
	at java.base/java.util.concurrent.ThreadPoolExecutor$Worker.run(ThreadPoolExecutor.java:642)
	at java.base/java.lang.Thread.run(Thread.java:1583)

Multiple projectIds are not recommended in single project mode. Requested project ID bioblitz-rules-test, but the emulator is configured for bioblitz-mitosisphere. To opt-out of single project mode add/set the '"singleProjectMode": false' property in the firebase.json emulators config.
Multiple projectIds are not recommended in single project mode. Requested project ID bioblitz-rules-test, but the emulator is configured for bioblitz-mitosisphere. To opt-out of single project mode add/set the '"singleProjectMode": false' property in the firebase.json emulators config.
Multiple projectIds are not recommended in single project mode. Requested project ID bioblitz-rules-test, but the emulator is configured for bioblitz-mitosisphere. To opt-out of single project mode add/set the '"singleProjectMode": false' property in the firebase.json emulators config.
Multiple projectIds are not recommended in single project mode. Requested project ID bioblitz-rules-test, but the emulator is configured for bioblitz-mitosisphere. To opt-out of single project mode add/set the '"singleProjectMode": false' property in the firebase.json emulators config.
Multiple projectIds are not recommended in single project mode. Requested project ID bioblitz-rules-test, but the emulator is configured for bioblitz-mitosisphere. To opt-out of single project mode add/set the '"singleProjectMode": false' property in the firebase.json emulators config.
Multiple projectIds are not recommended in single project mode. Requested project ID bioblitz-rules-test, but the emulator is configured for bioblitz-mitosisphere. To opt-out of single project mode add/set the '"singleProjectMode": false' property in the firebase.json emulators config.
Multiple projectIds are not recommended in single project mode. Requested project ID bioblitz-rules-test, but the emulator is configured for bioblitz-mitosisphere. To opt-out of single project mode add/set the '"singleProjectMode": false' property in the firebase.json emulators config.
Multiple projectIds are not recommended in single project mode. Requested project ID bioblitz-rules-test, but the emulator is configured for bioblitz-mitosisphere. To opt-out of single project mode add/set the '"singleProjectMode": false' property in the firebase.json emulators config.
Multiple projectIds are not recommended in single project mode. Requested project ID bioblitz-rules-test, but the emulator is configured for bioblitz-mitosisphere. To opt-out of single project mode add/set the '"singleProjectMode": false' property in the firebase.json emulators config.
Multiple projectIds are not recommended in single project mode. Requested project ID bioblitz-rules-test, but the emulator is configured for bioblitz-mitosisphere. To opt-out of single project mode add/set the '"singleProjectMode": false' property in the firebase.json emulators config.
Multiple projectIds are not recommended in single project mode. Requested project ID bioblitz-rules-test, but the emulator is configured for bioblitz-mitosisphere. To opt-out of single project mode add/set the '"singleProjectMode": false' property in the firebase.json emulators config.
Multiple projectIds are not recommended in single project mode. Requested project ID bioblitz-rules-test, but the emulator is configured for bioblitz-mitosisphere. To opt-out of single project mode add/set the '"singleProjectMode": false' property in the firebase.json emulators config.
Sep 22, 2026 9:36:11 PM com.google.cloud.datastore.emulator.impl.util.WrappedStreamObserver onError
WARNING: Operation failed: 
evaluation error at L280:24 for 'create' @ L280, evaluation error at L285:30 for 'update' @ L285, false for 'create' @ L280
com.google.cloud.datastore.core.exception.DatastoreException: 
evaluation error at L280:24 for 'create' @ L280, evaluation error at L285:30 for 'update' @ L285, false for 'create' @ L280
	at com.google.cloud.datastore.core.exception.DatastoreException$Builder.build(DatastoreException.java:152)
	at com.google.cloud.datastore.emulator.impl.rules.DefaultEmulatorRulesAuthorizer.verboseError(DefaultEmulatorRulesAuthorizer.java:349)
	at com.google.cloud.datastore.emulator.impl.rules.DefaultEmulatorRulesAuthorizer.withVerboseErrors(DefaultEmulatorRulesAuthorizer.java:326)
	at com.google.cloud.datastore.emulator.impl.rules.DefaultEmulatorRulesAuthorizer.checkCommit(DefaultEmulatorRulesAuthorizer.java:114)
	at com.google.cloud.datastore.emulator.impl.firestore.FirestoreEmulatorHelper.commitHelper(FirestoreEmulatorHelper.java:386)
	at com.google.cloud.datastore.emulator.impl.firestore.FirestoreEmulatorHelper.internalCommit(FirestoreEmulatorHelper.java:336)
	at com.google.cloud.datastore.emulator.impl.firestore.CloudFirestoreV1.internalCommit(CloudFirestoreV1.java:1245)
	at com.google.cloud.datastore.emulator.impl.firestore.CloudFirestoreV1.write(CloudFirestoreV1.java:1232)
	at com.google.cloud.datastore.emulator.impl.firestore.CloudFirestoreV1WriteStream.handleRequest(CloudFirestoreV1WriteStream.java:222)
	at com.google.cloud.datastore.emulator.impl.firestore.CloudFirestoreV1WriteStream.write(CloudFirestoreV1WriteStream.java:144)
	at com.google.cloud.datastore.emulator.impl.firestore.CloudFirestoreV1WriteStream.onNext(CloudFirestoreV1WriteStream.java:99)
	at com.google.cloud.datastore.emulator.impl.firestore.CloudFirestoreV1WriteStream.onNext(CloudFirestoreV1WriteStream.java:27)
	at io.grpc.stub.ServerCalls$StreamingServerCallHandler$StreamingServerCallListener.onMessage(ServerCalls.java:262)
	at io.grpc.ForwardingServerCallListener.onMessage(ForwardingServerCallListener.java:33)
	at io.grpc.Contexts$ContextualizedServerCallListener.onMessage(Contexts.java:76)
	at io.grpc.ForwardingServerCallListener.onMessage(ForwardingServerCallListener.java:33)
	at io.grpc.Contexts$ContextualizedServerCallListener.onMessage(Contexts.java:76)
	at io.grpc.internal.ServerCallImpl$ServerStreamListenerImpl.messagesAvailableInternal(ServerCallImpl.java:334)
	at io.grpc.internal.ServerCallImpl$ServerStreamListenerImpl.messagesAvailable(ServerCallImpl.java:319)
	at io.grpc.internal.ServerImpl$JumpToApplicationThreadServerStreamListener$1MessagesAvailable.runInContext(ServerImpl.java:834)
	at io.grpc.internal.ContextRunnable.run(ContextRunnable.java:37)
	at io.grpc.internal.SerializingExecutor.run(SerializingExecutor.java:133)
	at java.base/java.util.concurrent.ThreadPoolExecutor.runWorker(ThreadPoolExecutor.java:1144)
	at java.base/java.util.concurrent.ThreadPoolExecutor$Worker.run(ThreadPoolExecutor.java:642)
	at java.base/java.lang.Thread.run(Thread.java:1583)

Multiple projectIds are not recommended in single project mode. Requested project ID bioblitz-rules-test, but the emulator is configured for bioblitz-mitosisphere. To opt-out of single project mode add/set the '"singleProjectMode": false' property in the firebase.json emulators config.
Multiple projectIds are not recommended in single project mode. Requested project ID bioblitz-rules-test, but the emulator is configured for bioblitz-mitosisphere. To opt-out of single project mode add/set the '"singleProjectMode": false' property in the firebase.json emulators config.
Multiple projectIds are not recommended in single project mode. Requested project ID bioblitz-rules-test, but the emulator is configured for bioblitz-mitosisphere. To opt-out of single project mode add/set the '"singleProjectMode": false' property in the firebase.json emulators config.
Multiple projectIds are not recommended in single project mode. Requested project ID bioblitz-rules-test, but the emulator is configured for bioblitz-mitosisphere. To opt-out of single project mode add/set the '"singleProjectMode": false' property in the firebase.json emulators config.
Multiple projectIds are not recommended in single project mode. Requested project ID bioblitz-rules-test, but the emulator is configured for bioblitz-mitosisphere. To opt-out of single project mode add/set the '"singleProjectMode": false' property in the firebase.json emulators config.
Multiple projectIds are not recommended in single project mode. Requested project ID bioblitz-rules-test, but the emulator is configured for bioblitz-mitosisphere. To opt-out of single project mode add/set the '"singleProjectMode": false' property in the firebase.json emulators config.
Multiple projectIds are not recommended in single project mode. Requested project ID bioblitz-rules-test, but the emulator is configured for bioblitz-mitosisphere. To opt-out of single project mode add/set the '"singleProjectMode": false' property in the firebase.json emulators config.
Multiple projectIds are not recommended in single project mode. Requested project ID bioblitz-rules-test, but the emulator is configured for bioblitz-mitosisphere. To opt-out of single project mode add/set the '"singleProjectMode": false' property in the firebase.json emulators config.
*** shutting down gRPC server since JVM is shutting down
*** server shut down
