[debug] [2026-01-02T23:05:35.232Z] ----------------------------------------------------------------------
[debug] [2026-01-02T23:05:35.239Z] Command:       /Users/aarnavsuwal/.nvm/versions/node/v22.16.0/bin/node /Users/aarnavsuwal/.nvm/versions/node/v22.16.0/bin/firebase deploy --only functions
[debug] [2026-01-02T23:05:35.240Z] CLI Version:   14.12.0
[debug] [2026-01-02T23:05:35.240Z] Platform:      darwin
[debug] [2026-01-02T23:05:35.240Z] Node Version:  v22.16.0
[debug] [2026-01-02T23:05:35.240Z] Time:          Fri Jan 02 2026 18:05:35 GMT-0500 (Eastern Standard Time)
[debug] [2026-01-02T23:05:35.240Z] ----------------------------------------------------------------------
[debug] 
[debug] [2026-01-02T23:05:35.374Z] > command requires scopes: ["email","openid","https://www.googleapis.com/auth/cloudplatformprojects.readonly","https://www.googleapis.com/auth/firebase","https://www.googleapis.com/auth/cloud-platform"]
[debug] [2026-01-02T23:05:35.375Z] > authorizing via signed-in user (aarnavsuwal@gmail.com)
[debug] [2026-01-02T23:05:35.375Z] [iam] checking project bioblitz-mitosisphere for permissions ["cloudfunctions.functions.create","cloudfunctions.functions.delete","cloudfunctions.functions.get","cloudfunctions.functions.list","cloudfunctions.functions.update","cloudfunctions.operations.get","firebase.projects.get"]
[debug] [2026-01-02T23:05:35.375Z] Checked if tokens are valid: true, expires at: 1767397793078
[debug] [2026-01-02T23:05:35.376Z] Checked if tokens are valid: true, expires at: 1767397793078
[debug] [2026-01-02T23:05:35.376Z] >>> [apiv2][query] POST https://cloudresourcemanager.googleapis.com/v1/projects/bioblitz-mitosisphere:testIamPermissions [none]
[debug] [2026-01-02T23:05:35.376Z] >>> [apiv2][(partial)header] POST https://cloudresourcemanager.googleapis.com/v1/projects/bioblitz-mitosisphere:testIamPermissions x-goog-quota-user=projects/bioblitz-mitosisphere
[debug] [2026-01-02T23:05:35.376Z] >>> [apiv2][body] POST https://cloudresourcemanager.googleapis.com/v1/projects/bioblitz-mitosisphere:testIamPermissions {"permissions":["cloudfunctions.functions.create","cloudfunctions.functions.delete","cloudfunctions.functions.get","cloudfunctions.functions.list","cloudfunctions.functions.update","cloudfunctions.operations.get","firebase.projects.get"]}
[debug] [2026-01-02T23:05:35.816Z] <<< [apiv2][status] POST https://cloudresourcemanager.googleapis.com/v1/projects/bioblitz-mitosisphere:testIamPermissions 200
[debug] [2026-01-02T23:05:35.817Z] <<< [apiv2][body] POST https://cloudresourcemanager.googleapis.com/v1/projects/bioblitz-mitosisphere:testIamPermissions {"permissions":["cloudfunctions.functions.create","cloudfunctions.functions.delete","cloudfunctions.functions.get","cloudfunctions.functions.list","cloudfunctions.functions.update","cloudfunctions.operations.get","firebase.projects.get"]}
[debug] [2026-01-02T23:05:35.817Z] Checked if tokens are valid: true, expires at: 1767397793078
[debug] [2026-01-02T23:05:35.817Z] Checked if tokens are valid: true, expires at: 1767397793078
[debug] [2026-01-02T23:05:35.817Z] >>> [apiv2][query] POST https://iam.googleapis.com/v1/projects/bioblitz-mitosisphere/serviceAccounts/bioblitz-mitosisphere@appspot.gserviceaccount.com:testIamPermissions [none]
[debug] [2026-01-02T23:05:35.817Z] >>> [apiv2][body] POST https://iam.googleapis.com/v1/projects/bioblitz-mitosisphere/serviceAccounts/bioblitz-mitosisphere@appspot.gserviceaccount.com:testIamPermissions {"permissions":["iam.serviceAccounts.actAs"]}
[debug] [2026-01-02T23:05:36.386Z] <<< [apiv2][status] POST https://iam.googleapis.com/v1/projects/bioblitz-mitosisphere/serviceAccounts/bioblitz-mitosisphere@appspot.gserviceaccount.com:testIamPermissions 200
[debug] [2026-01-02T23:05:36.386Z] <<< [apiv2][body] POST https://iam.googleapis.com/v1/projects/bioblitz-mitosisphere/serviceAccounts/bioblitz-mitosisphere@appspot.gserviceaccount.com:testIamPermissions {"permissions":["iam.serviceAccounts.actAs"]}
[info] 
[info] === Deploying to 'bioblitz-mitosisphere'...
[info] 
[info] i  deploying functions 
[info] Running command: npm --prefix "$RESOURCE_DIR" run build
[info] ✔  functions: Finished running predeploy script. 
[debug] [2026-01-02T23:05:46.882Z] Checked if tokens are valid: true, expires at: 1767397793078
[debug] [2026-01-02T23:05:46.882Z] Checked if tokens are valid: true, expires at: 1767397793078
[debug] [2026-01-02T23:05:46.882Z] >>> [apiv2][query] GET https://cloudresourcemanager.googleapis.com/v1/projects/bioblitz-mitosisphere [none]
[debug] [2026-01-02T23:05:47.014Z] <<< [apiv2][status] GET https://cloudresourcemanager.googleapis.com/v1/projects/bioblitz-mitosisphere 200
[debug] [2026-01-02T23:05:47.015Z] <<< [apiv2][body] GET https://cloudresourcemanager.googleapis.com/v1/projects/bioblitz-mitosisphere {"projectNumber":"818856364225","projectId":"bioblitz-mitosisphere","lifecycleState":"ACTIVE","name":"bioblitz-mitosisphere","labels":{"firebase":"enabled","firebase-core":"disabled"},"createTime":"2025-06-29T13:24:18.714560Z"}
[info] i  functions: preparing codebase default for deployment 
[info] i  functions: ensuring required API cloudfunctions.googleapis.com is enabled... 
[info] i  functions: ensuring required API cloudbuild.googleapis.com is enabled... 
[info] i  artifactregistry: ensuring required API artifactregistry.googleapis.com is enabled... 
[debug] [2026-01-02T23:05:47.017Z] Checked if tokens are valid: true, expires at: 1767397793078
[debug] [2026-01-02T23:05:47.017Z] Checked if tokens are valid: true, expires at: 1767397793078
[debug] [2026-01-02T23:05:47.017Z] >>> [apiv2][query] GET https://firebase.googleapis.com/v1beta1/projects/bioblitz-mitosisphere/adminSdkConfig [none]
[debug] [2026-01-02T23:05:47.284Z] <<< [apiv2][status] GET https://firebase.googleapis.com/v1beta1/projects/bioblitz-mitosisphere/adminSdkConfig 200
[debug] [2026-01-02T23:05:47.284Z] <<< [apiv2][body] GET https://firebase.googleapis.com/v1beta1/projects/bioblitz-mitosisphere/adminSdkConfig {"projectId":"bioblitz-mitosisphere","storageBucket":"bioblitz-mitosisphere.firebasestorage.app"}
[debug] [2026-01-02T23:05:47.285Z] Checked if tokens are valid: true, expires at: 1767397793078
[debug] [2026-01-02T23:05:47.285Z] Checked if tokens are valid: true, expires at: 1767397793078
[debug] [2026-01-02T23:05:47.285Z] >>> [apiv2][query] GET https://runtimeconfig.googleapis.com/v1beta1/projects/bioblitz-mitosisphere/configs [none]
[debug] [2026-01-02T23:05:47.446Z] <<< [apiv2][status] GET https://runtimeconfig.googleapis.com/v1beta1/projects/bioblitz-mitosisphere/configs 200
[debug] [2026-01-02T23:05:47.446Z] <<< [apiv2][body] GET https://runtimeconfig.googleapis.com/v1beta1/projects/bioblitz-mitosisphere/configs {}
[debug] [2026-01-02T23:05:47.449Z] Validating nodejs source
[warn] ⚠  functions: package.json indicates an outdated version of firebase-functions. Please upgrade using npm install --save firebase-functions@latest in your functions directory. 
[warn] ⚠  functions: Please note that there will be breaking changes when you upgrade. 
[debug] [2026-01-02T23:05:48.285Z] > [functions] package.json contents: {
  "name": "functions",
  "scripts": {
    "lint": "eslint -c eslint.config.js .",
    "build": "tsc",
    "build:watch": "tsc --watch",
    "serve": "npm run build && firebase emulators:start --only functions",
    "shell": "npm run build && firebase functions:shell",
    "start": "npm run shell",
    "deploy": "firebase deploy --only functions",
    "logs": "firebase functions:log"
  },
  "engines": {
    "node": "22"
  },
  "main": "lib/index.js",
  "dependencies": {
    "firebase-admin": "^12.6.0",
    "firebase-functions": "^6.0.1"
  },
  "devDependencies": {
    "@typescript-eslint/eslint-plugin": "^5.12.0",
    "@typescript-eslint/parser": "^5.12.0",
    "eslint": "^8.9.0",
    "eslint-config-google": "^0.14.0",
    "eslint-plugin-import": "^2.25.4",
    "firebase-functions-test": "^3.1.0",
    "typescript": "^5.7.3"
  },
  "private": true
}
[debug] [2026-01-02T23:05:48.285Z] Building nodejs source
[info] i  functions: Loading and analyzing source code for codebase default to determine what to deploy 
[debug] [2026-01-02T23:05:48.286Z] Could not find functions.yaml. Must use http discovery
[debug] [2026-01-02T23:05:48.294Z] Found firebase-functions binary at '/Users/aarnavsuwal/Desktop/code/bioblitz/bioblitz/functions/node_modules/.bin/firebase-functions'
[info] Serving at port 8338

[debug] [2026-01-02T23:05:49.021Z] Got response from /__/functions.yaml {"endpoints":{"gradeTest":{"availableMemoryMb":null,"timeoutSeconds":null,"minInstances":null,"maxInstances":null,"ingressSettings":null,"concurrency":null,"serviceAccountEmail":null,"vpc":null,"platform":"gcfv2","labels":{},"eventTrigger":{"eventType":"google.cloud.firestore.document.v1.created","eventFilters":{"database":"(default)","namespace":"(default)"},"eventFilterPathPatterns":{"document":"gameSubmissions/{submissionId}"},"retry":false},"entryPoint":"gradeTest"},"getPublicQuestions":{"availableMemoryMb":null,"timeoutSeconds":null,"minInstances":null,"maxInstances":null,"ingressSettings":null,"concurrency":null,"serviceAccountEmail":null,"vpc":null,"platform":"gcfv2","labels":{},"callableTrigger":{},"entryPoint":"getPublicQuestions"},"aggregateGameRating":{"availableMemoryMb":null,"timeoutSeconds":null,"minInstances":null,"maxInstances":null,"ingressSettings":null,"concurrency":null,"serviceAccountEmail":null,"vpc":null,"platform":"gcfv2","labels":{},"eventTrigger":{"eventType":"google.cloud.firestore.document.v1.written","eventFilters":{"database":"(default)","namespace":"(default)"},"eventFilterPathPatterns":{"document":"user_ratings/{ratingId}"},"retry":false},"entryPoint":"aggregateGameRating"},"onUserProfileUpdate":{"availableMemoryMb":null,"timeoutSeconds":null,"minInstances":null,"maxInstances":null,"ingressSettings":null,"concurrency":null,"serviceAccountEmail":null,"vpc":null,"platform":"gcfv2","labels":{},"eventTrigger":{"eventType":"google.cloud.firestore.document.v1.updated","eventFilters":{"database":"(default)","namespace":"(default)"},"eventFilterPathPatterns":{"document":"users/{userId}"},"retry":false},"entryPoint":"onUserProfileUpdate"},"resetStreaksDaily":{"availableMemoryMb":512,"timeoutSeconds":540,"minInstances":null,"maxInstances":null,"ingressSettings":null,"concurrency":null,"serviceAccountEmail":null,"vpc":null,"platform":"gcfv2","labels":{},"scheduleTrigger":{"schedule":"0 0 * * *","retryConfig":{},"timeZone":"America/Los_Angeles"},"entryPoint":"resetStreaksDaily"}},"specVersion":"v1alpha1","requiredAPIs":[{"api":"cloudscheduler.googleapis.com","reason":"Needed for scheduled functions."}],"extensions":{}}
[info] i  extensions: ensuring required API firebaseextensions.googleapis.com is enabled... 
[debug] [2026-01-02T23:05:53.053Z] > command requires scopes: ["email","openid","https://www.googleapis.com/auth/cloudplatformprojects.readonly","https://www.googleapis.com/auth/firebase","https://www.googleapis.com/auth/cloud-platform"]
[debug] [2026-01-02T23:05:53.053Z] > authorizing via signed-in user (aarnavsuwal@gmail.com)
[debug] [2026-01-02T23:05:53.053Z] [iam] checking project bioblitz-mitosisphere for permissions ["firebase.projects.get","firebaseextensions.instances.list"]
[debug] [2026-01-02T23:05:53.054Z] Checked if tokens are valid: true, expires at: 1767397793078
[debug] [2026-01-02T23:05:53.054Z] Checked if tokens are valid: true, expires at: 1767397793078
[debug] [2026-01-02T23:05:53.054Z] >>> [apiv2][query] POST https://cloudresourcemanager.googleapis.com/v1/projects/bioblitz-mitosisphere:testIamPermissions [none]
[debug] [2026-01-02T23:05:53.054Z] >>> [apiv2][(partial)header] POST https://cloudresourcemanager.googleapis.com/v1/projects/bioblitz-mitosisphere:testIamPermissions x-goog-quota-user=projects/bioblitz-mitosisphere
[debug] [2026-01-02T23:05:53.054Z] >>> [apiv2][body] POST https://cloudresourcemanager.googleapis.com/v1/projects/bioblitz-mitosisphere:testIamPermissions {"permissions":["firebase.projects.get","firebaseextensions.instances.list"]}
[debug] [2026-01-02T23:05:53.388Z] <<< [apiv2][status] POST https://cloudresourcemanager.googleapis.com/v1/projects/bioblitz-mitosisphere:testIamPermissions 200
[debug] [2026-01-02T23:05:53.389Z] <<< [apiv2][body] POST https://cloudresourcemanager.googleapis.com/v1/projects/bioblitz-mitosisphere:testIamPermissions {"permissions":["firebase.projects.get","firebaseextensions.instances.list"]}
[debug] [2026-01-02T23:05:53.389Z] Checked if tokens are valid: true, expires at: 1767397793078
[debug] [2026-01-02T23:05:53.389Z] Checked if tokens are valid: true, expires at: 1767397793078
[debug] [2026-01-02T23:05:53.390Z] >>> [apiv2][query] GET https://firebaseextensions.googleapis.com/v1beta/projects/bioblitz-mitosisphere/instances pageSize=100&pageToken=
[debug] [2026-01-02T23:05:53.904Z] <<< [apiv2][status] GET https://firebaseextensions.googleapis.com/v1beta/projects/bioblitz-mitosisphere/instances 200
[debug] [2026-01-02T23:05:53.905Z] <<< [apiv2][body] GET https://firebaseextensions.googleapis.com/v1beta/projects/bioblitz-mitosisphere/instances {}
[info] i  functions: preparing functions directory for uploading... 
[info] i  functions: packaged /Users/aarnavsuwal/Desktop/code/bioblitz/bioblitz/functions (107.16 KB) for uploading 
[debug] [2026-01-02T23:05:53.956Z] Checked if tokens are valid: true, expires at: 1767397793078
[debug] [2026-01-02T23:05:53.956Z] Checked if tokens are valid: true, expires at: 1767397793078
[debug] [2026-01-02T23:05:53.956Z] >>> [apiv2][query] GET https://cloudfunctions.googleapis.com/v1/projects/bioblitz-mitosisphere/locations/-/functions [none]
[debug] [2026-01-02T23:05:54.692Z] <<< [apiv2][status] GET https://cloudfunctions.googleapis.com/v1/projects/bioblitz-mitosisphere/locations/-/functions 200
[debug] [2026-01-02T23:05:54.693Z] <<< [apiv2][body] GET https://cloudfunctions.googleapis.com/v1/projects/bioblitz-mitosisphere/locations/-/functions {}
[debug] [2026-01-02T23:05:54.693Z] Checked if tokens are valid: true, expires at: 1767397793078
[debug] [2026-01-02T23:05:54.693Z] Checked if tokens are valid: true, expires at: 1767397793078
[debug] [2026-01-02T23:05:54.693Z] >>> [apiv2][query] GET https://cloudfunctions.googleapis.com/v2/projects/bioblitz-mitosisphere/locations/-/functions filter=environment%3D%22GEN_2%22
[debug] [2026-01-02T23:05:55.118Z] <<< [apiv2][status] GET https://cloudfunctions.googleapis.com/v2/projects/bioblitz-mitosisphere/locations/-/functions 200
[debug] [2026-01-02T23:05:55.118Z] <<< [apiv2][body] GET https://cloudfunctions.googleapis.com/v2/projects/bioblitz-mitosisphere/locations/-/functions {"functions":[{"name":"projects/bioblitz-mitosisphere/locations/us-central1/functions/getPublicQuestions","buildConfig":{"build":"projects/818856364225/locations/us-central1/builds/c45dd2dc-b3a2-4ee2-a84c-b2dd052bf21c","runtime":"nodejs22","entryPoint":"getPublicQuestions","source":{"storageSource":{"bucket":"gcf-v2-sources-818856364225-us-central1","object":"getPublicQuestions/function-source.zip","generation":"1767394268039214"}},"environmentVariables":{"GOOGLE_NODE_RUN_SCRIPTS":""},"dockerRepository":"projects/bioblitz-mitosisphere/locations/us-central1/repositories/gcf-artifacts","sourceProvenance":{"resolvedStorageSource":{"bucket":"gcf-v2-sources-818856364225-us-central1","object":"getPublicQuestions/function-source.zip","generation":"1767394268039214"}},"dockerRegistry":"ARTIFACT_REGISTRY","serviceAccount":"projects/bioblitz-mitosisphere/serviceAccounts/818856364225-compute@developer.gserviceaccount.com","automaticUpdatePolicy":{}},"serviceConfig":{"service":"projects/bioblitz-mitosisphere/locations/us-central1/services/getpublicquestions","timeoutSeconds":60,"environmentVariables":{"FIREBASE_CONFIG":"{\"projectId\":\"bioblitz-mitosisphere\",\"storageBucket\":\"bioblitz-mitosisphere.firebasestorage.app\"}","GCLOUD_PROJECT":"bioblitz-mitosisphere","EVENTARC_CLOUD_EVENT_SOURCE":"projects/bioblitz-mitosisphere/locations/us-central1/services/getPublicQuestions","FUNCTION_TARGET":"getPublicQuestions","LOG_EXECUTION_ID":"true","FUNCTION_SIGNATURE_TYPE":"http"},"maxInstanceCount":20,"ingressSettings":"ALLOW_ALL","uri":"https://getpublicquestions-ghgoaiauxq-uc.a.run.app","serviceAccountEmail":"818856364225-compute@developer.gserviceaccount.com","availableMemory":"256Mi","allTrafficOnLatestRevision":true,"revision":"getpublicquestions-00015-nek","maxInstanceRequestConcurrency":80,"availableCpu":"1"},"state":"ACTIVE","updateTime":"2026-01-02T22:51:14.641598534Z","labels":{"deployment-tool":"cli-firebase","deployment-callable":"true","firebase-functions-hash":"c640cf9b62e1604b5ac2df1bf31203d5bc139e3a"},"environment":"GEN_2","url":"https://us-central1-bioblitz-mitosisphere.cloudfunctions.net/getPublicQuestions","createTime":"2025-08-07T20:08:19.035281103Z","satisfiesPzi":true},{"name":"projects/bioblitz-mitosisphere/locations/us-central1/functions/aggregateGameRating","buildConfig":{"build":"projects/818856364225/locations/us-central1/builds/c45dd2dc-b3a2-4ee2-a84c-b2dd052bf21c","runtime":"nodejs22","entryPoint":"aggregateGameRating","source":{"storageSource":{"bucket":"gcf-v2-sources-818856364225-us-central1","object":"aggregateGameRating/function-source.zip","generation":"1767394268195200"}},"environmentVariables":{"GOOGLE_NODE_RUN_SCRIPTS":""},"dockerRepository":"projects/bioblitz-mitosisphere/locations/us-central1/repositories/gcf-artifacts","sourceProvenance":{"resolvedStorageSource":{"bucket":"gcf-v2-sources-818856364225-us-central1","object":"aggregateGameRating/function-source.zip","generation":"1767394268195200"}},"dockerRegistry":"ARTIFACT_REGISTRY","serviceAccount":"projects/bioblitz-mitosisphere/serviceAccounts/818856364225-compute@developer.gserviceaccount.com","automaticUpdatePolicy":{}},"serviceConfig":{"service":"projects/bioblitz-mitosisphere/locations/us-central1/services/aggregategamerating","timeoutSeconds":60,"environmentVariables":{"FIREBASE_CONFIG":"{\"projectId\":\"bioblitz-mitosisphere\",\"storageBucket\":\"bioblitz-mitosisphere.firebasestorage.app\"}","GCLOUD_PROJECT":"bioblitz-mitosisphere","EVENTARC_CLOUD_EVENT_SOURCE":"projects/bioblitz-mitosisphere/locations/us-central1/services/aggregateGameRating","FUNCTION_SIGNATURE_TYPE":"cloudevent","FUNCTION_TARGET":"aggregateGameRating","LOG_EXECUTION_ID":"true"},"maxInstanceCount":20,"ingressSettings":"ALLOW_ALL","uri":"https://aggregategamerating-ghgoaiauxq-uc.a.run.app","serviceAccountEmail":"818856364225-compute@developer.gserviceaccount.com","availableMemory":"256Mi","allTrafficOnLatestRevision":true,"revision":"aggregategamerating-00003-toz","maxInstanceRequestConcurrency":80,"availableCpu":"1"},"eventTrigger":{"trigger":"projects/bioblitz-mitosisphere/locations/us-east4/triggers/aggregategamerating-373198","triggerRegion":"us-east4","eventType":"google.cloud.firestore.document.v1.written","eventFilters":[{"attribute":"namespace","value":"(default)"},{"attribute":"document","value":"user_ratings/{ratingId}","operator":"match-path-pattern"},{"attribute":"database","value":"(default)"}],"pubsubTopic":"projects/bioblitz-mitosisphere/topics/eventarc-us-east4-aggregategamerating-373198-085","serviceAccountEmail":"818856364225-compute@developer.gserviceaccount.com","retryPolicy":"RETRY_POLICY_DO_NOT_RETRY"},"state":"ACTIVE","updateTime":"2026-01-02T22:51:15.675752143Z","labels":{"deployment-tool":"cli-firebase","firebase-functions-hash":"c640cf9b62e1604b5ac2df1bf31203d5bc139e3a"},"environment":"GEN_2","url":"https://us-central1-bioblitz-mitosisphere.cloudfunctions.net/aggregateGameRating","createTime":"2025-12-23T19:08:18.344341734Z","satisfiesPzi":true},{"name":"projects/bioblitz-mitosisphere/locations/us-central1/functions/gradeTest","buildConfig":{"build":"projects/818856364225/locations/us-central1/builds/c45dd2dc-b3a2-4ee2-a84c-b2dd052bf21c","runtime":"nodejs22","entryPoint":"gradeTest","source":{"storageSource":{"bucket":"gcf-v2-sources-818856364225-us-central1","object":"gradeTest/function-source.zip","generation":"1767394219350024"}},"environmentVariables":{"GOOGLE_NODE_RUN_SCRIPTS":""},"dockerRepository":"projects/bioblitz-mitosisphere/locations/us-central1/repositories/gcf-artifacts","sourceProvenance":{"resolvedStorageSource":{"bucket":"gcf-v2-sources-818856364225-us-central1","object":"gradeTest/function-source.zip","generation":"1767394219350024"}},"dockerRegistry":"ARTIFACT_REGISTRY","serviceAccount":"projects/bioblitz-mitosisphere/serviceAccounts/818856364225-compute@developer.gserviceaccount.com","automaticUpdatePolicy":{}},"serviceConfig":{"service":"projects/bioblitz-mitosisphere/locations/us-central1/services/gradetest","timeoutSeconds":60,"environmentVariables":{"FIREBASE_CONFIG":"{\"projectId\":\"bioblitz-mitosisphere\",\"storageBucket\":\"bioblitz-mitosisphere.firebasestorage.app\"}","GCLOUD_PROJECT":"bioblitz-mitosisphere","EVENTARC_CLOUD_EVENT_SOURCE":"projects/bioblitz-mitosisphere/locations/us-central1/services/gradeTest","FUNCTION_SIGNATURE_TYPE":"cloudevent","FUNCTION_TARGET":"gradeTest","LOG_EXECUTION_ID":"true"},"maxInstanceCount":20,"ingressSettings":"ALLOW_ALL","uri":"https://gradetest-ghgoaiauxq-uc.a.run.app","serviceAccountEmail":"818856364225-compute@developer.gserviceaccount.com","availableMemory":"256Mi","allTrafficOnLatestRevision":true,"revision":"gradetest-00014-rib","maxInstanceRequestConcurrency":80,"availableCpu":"1"},"eventTrigger":{"trigger":"projects/bioblitz-mitosisphere/locations/us-east4/triggers/gradetest-777748","triggerRegion":"us-east4","eventType":"google.cloud.firestore.document.v1.created","eventFilters":[{"attribute":"document","value":"gameSubmissions/{submissionId}","operator":"match-path-pattern"},{"attribute":"database","value":"(default)"},{"attribute":"namespace","value":"(default)"}],"pubsubTopic":"projects/bioblitz-mitosisphere/topics/eventarc-us-east4-gradetest-777748-473","serviceAccountEmail":"818856364225-compute@developer.gserviceaccount.com","retryPolicy":"RETRY_POLICY_DO_NOT_RETRY"},"state":"ACTIVE","updateTime":"2026-01-02T22:51:09.560694695Z","labels":{"deployment-tool":"cli-firebase","firebase-functions-hash":"c640cf9b62e1604b5ac2df1bf31203d5bc139e3a"},"environment":"GEN_2","url":"https://us-central1-bioblitz-mitosisphere.cloudfunctions.net/gradeTest","createTime":"2025-08-07T20:22:06.046801284Z","satisfiesPzi":true},{"name":"projects/bioblitz-mitosisphere/locations/us-central1/functions/resetStreaksDaily","buildConfig":{"build":"projects/818856364225/locations/us-central1/builds/0ac10a69-6960-4416-8e6c-2f755310cdac","runtime":"nodejs22","entryPoint":"resetStreaksDaily","source":{"storageSource":{"bucket":"gcf-v2-sources-818856364225-us-central1","object":"resetStreaksDaily/function-source.zip","generation":"1767394218558545"}},"environmentVariables":{"GOOGLE_NODE_RUN_SCRIPTS":""},"dockerRepository":"projects/bioblitz-mitosisphere/locations/us-central1/repositories/gcf-artifacts","sourceProvenance":{"resolvedStorageSource":{"bucket":"gcf-v2-sources-818856364225-us-central1","object":"resetStreaksDaily/function-source.zip","generation":"1767394218558545"}},"dockerRegistry":"ARTIFACT_REGISTRY","serviceAccount":"projects/bioblitz-mitosisphere/serviceAccounts/818856364225-compute@developer.gserviceaccount.com","automaticUpdatePolicy":{}},"serviceConfig":{"service":"projects/bioblitz-mitosisphere/locations/us-central1/services/resetstreaksdaily","timeoutSeconds":540,"environmentVariables":{"FIREBASE_CONFIG":"{\"projectId\":\"bioblitz-mitosisphere\",\"storageBucket\":\"bioblitz-mitosisphere.firebasestorage.app\"}","GCLOUD_PROJECT":"bioblitz-mitosisphere","EVENTARC_CLOUD_EVENT_SOURCE":"projects/bioblitz-mitosisphere/locations/us-central1/services/resetStreaksDaily","FUNCTION_TARGET":"resetStreaksDaily","LOG_EXECUTION_ID":"true"},"ingressSettings":"ALLOW_ALL","uri":"https://resetstreaksdaily-ghgoaiauxq-uc.a.run.app","serviceAccountEmail":"818856364225-compute@developer.gserviceaccount.com","availableMemory":"512Mi","allTrafficOnLatestRevision":true,"revision":"resetstreaksdaily-00001-pab","maxInstanceRequestConcurrency":80,"availableCpu":"1"},"state":"ACTIVE","updateTime":"2026-01-02T22:51:11.550516790Z","labels":{"deployment-tool":"cli-firebase","deployment-scheduled":"true","firebase-functions-hash":"c640cf9b62e1604b5ac2df1bf31203d5bc139e3a"},"environment":"GEN_2","url":"https://us-central1-bioblitz-mitosisphere.cloudfunctions.net/resetStreaksDaily","createTime":"2026-01-02T22:50:18.877072941Z","satisfiesPzi":true},{"name":"projects/bioblitz-mitosisphere/locations/us-central1/functions/onUserProfileUpdate","buildConfig":{"build":"projects/818856364225/locations/us-central1/builds/c45dd2dc-b3a2-4ee2-a84c-b2dd052bf21c","runtime":"nodejs22","entryPoint":"onUserProfileUpdate","source":{"storageSource":{"bucket":"gcf-v2-sources-818856364225-us-central1","object":"onUserProfileUpdate/function-source.zip","generation":"1767394268136178"}},"environmentVariables":{"GOOGLE_NODE_RUN_SCRIPTS":""},"dockerRepository":"projects/bioblitz-mitosisphere/locations/us-central1/repositories/gcf-artifacts","sourceProvenance":{"resolvedStorageSource":{"bucket":"gcf-v2-sources-818856364225-us-central1","object":"onUserProfileUpdate/function-source.zip","generation":"1767394268136178"}},"dockerRegistry":"ARTIFACT_REGISTRY","serviceAccount":"projects/bioblitz-mitosisphere/serviceAccounts/818856364225-compute@developer.gserviceaccount.com","automaticUpdatePolicy":{}},"serviceConfig":{"service":"projects/bioblitz-mitosisphere/locations/us-central1/services/onuserprofileupdate","timeoutSeconds":60,"environmentVariables":{"FIREBASE_CONFIG":"{\"projectId\":\"bioblitz-mitosisphere\",\"storageBucket\":\"bioblitz-mitosisphere.firebasestorage.app\"}","GCLOUD_PROJECT":"bioblitz-mitosisphere","EVENTARC_CLOUD_EVENT_SOURCE":"projects/bioblitz-mitosisphere/locations/us-central1/services/onUserProfileUpdate","FUNCTION_SIGNATURE_TYPE":"cloudevent","FUNCTION_TARGET":"onUserProfileUpdate","LOG_EXECUTION_ID":"true"},"maxInstanceCount":20,"ingressSettings":"ALLOW_ALL","uri":"https://onuserprofileupdate-ghgoaiauxq-uc.a.run.app","serviceAccountEmail":"818856364225-compute@developer.gserviceaccount.com","availableMemory":"256Mi","allTrafficOnLatestRevision":true,"revision":"onuserprofileupdate-00002-qid","maxInstanceRequestConcurrency":80,"availableCpu":"1"},"eventTrigger":{"trigger":"projects/bioblitz-mitosisphere/locations/us-east4/triggers/onuserprofileupdate-460459","triggerRegion":"us-east4","eventType":"google.cloud.firestore.document.v1.updated","eventFilters":[{"attribute":"namespace","value":"(default)"},{"attribute":"document","value":"users/{userId}","operator":"match-path-pattern"},{"attribute":"database","value":"(default)"}],"pubsubTopic":"projects/bioblitz-mitosisphere/topics/eventarc-us-east4-onuserprofileupdate-460459-494","serviceAccountEmail":"818856364225-compute@developer.gserviceaccount.com","retryPolicy":"RETRY_POLICY_DO_NOT_RETRY"},"state":"ACTIVE","updateTime":"2026-01-02T22:51:14.707557474Z","labels":{"firebase-functions-hash":"c640cf9b62e1604b5ac2df1bf31203d5bc139e3a","deployment-tool":"cli-firebase"},"environment":"GEN_2","url":"https://us-central1-bioblitz-mitosisphere.cloudfunctions.net/onUserProfileUpdate","createTime":"2025-12-23T19:54:28.802962518Z","satisfiesPzi":true}]}
[debug] [2026-01-02T23:05:55.121Z] Checked if tokens are valid: true, expires at: 1767397793078
[debug] [2026-01-02T23:05:55.122Z] Checked if tokens are valid: true, expires at: 1767397793078
[debug] [2026-01-02T23:05:55.122Z] >>> [apiv2][query] GET https://firestore.googleapis.com/v1/projects/bioblitz-mitosisphere/databases/(default) [none]
[debug] [2026-01-02T23:05:55.270Z] <<< [apiv2][status] GET https://firestore.googleapis.com/v1/projects/bioblitz-mitosisphere/databases/(default) 200
[debug] [2026-01-02T23:05:55.270Z] <<< [apiv2][body] GET https://firestore.googleapis.com/v1/projects/bioblitz-mitosisphere/databases/(default) {"name":"projects/bioblitz-mitosisphere/databases/(default)","uid":"8b89c400-386d-413b-a192-a46a508e5865","createTime":"2025-06-29T13:28:02.574307Z","updateTime":"2025-06-29T13:28:02.574307Z","locationId":"us-east4","type":"FIRESTORE_NATIVE","concurrencyMode":"PESSIMISTIC","versionRetentionPeriod":"604800s","earliestVersionTime":"2025-12-26T23:06:00Z","appEngineIntegrationMode":"DISABLED","keyPrefix":"d","pointInTimeRecoveryEnablement":"POINT_IN_TIME_RECOVERY_ENABLED","deleteProtectionState":"DELETE_PROTECTION_DISABLED","databaseEdition":"STANDARD","freeTier":true,"realtimeUpdatesMode":"REALTIME_UPDATES_MODE_ENABLED","etag":"ILSXnoP87ZEDMMus05Kp1JED"}
[info] i  functions: ensuring required API cloudscheduler.googleapis.com is enabled... 
[info] i  functions: ensuring required API run.googleapis.com is enabled... 
[info] i  functions: ensuring required API eventarc.googleapis.com is enabled... 
[info] i  functions: ensuring required API pubsub.googleapis.com is enabled... 
[info] i  functions: ensuring required API storage.googleapis.com is enabled... 
[info] i  functions: generating the service identity for pubsub.googleapis.com... 
[debug] [2026-01-02T23:05:55.273Z] Checked if tokens are valid: true, expires at: 1767397793078
[debug] [2026-01-02T23:05:55.273Z] Checked if tokens are valid: true, expires at: 1767397793078
[info] i  functions: generating the service identity for eventarc.googleapis.com... 
[debug] [2026-01-02T23:05:55.273Z] Checked if tokens are valid: true, expires at: 1767397793078
[debug] [2026-01-02T23:05:55.273Z] Checked if tokens are valid: true, expires at: 1767397793078
[debug] [2026-01-02T23:05:55.274Z] >>> [apiv2][query] POST https://serviceusage.googleapis.com/v1beta1/projects/818856364225/services/pubsub.googleapis.com:generateServiceIdentity [none]
[debug] [2026-01-02T23:05:55.274Z] >>> [apiv2][(partial)header] POST https://serviceusage.googleapis.com/v1beta1/projects/818856364225/services/pubsub.googleapis.com:generateServiceIdentity x-goog-quota-user=projects/818856364225
[debug] [2026-01-02T23:05:55.274Z] >>> [apiv2][body] POST https://serviceusage.googleapis.com/v1beta1/projects/818856364225/services/pubsub.googleapis.com:generateServiceIdentity {}
[debug] [2026-01-02T23:05:55.275Z] >>> [apiv2][query] POST https://serviceusage.googleapis.com/v1beta1/projects/818856364225/services/eventarc.googleapis.com:generateServiceIdentity [none]
[debug] [2026-01-02T23:05:55.275Z] >>> [apiv2][(partial)header] POST https://serviceusage.googleapis.com/v1beta1/projects/818856364225/services/eventarc.googleapis.com:generateServiceIdentity x-goog-quota-user=projects/818856364225
[debug] [2026-01-02T23:05:55.275Z] >>> [apiv2][body] POST https://serviceusage.googleapis.com/v1beta1/projects/818856364225/services/eventarc.googleapis.com:generateServiceIdentity {}
[debug] [2026-01-02T23:05:55.745Z] <<< [apiv2][status] POST https://serviceusage.googleapis.com/v1beta1/projects/818856364225/services/pubsub.googleapis.com:generateServiceIdentity 200
[debug] [2026-01-02T23:05:55.745Z] <<< [apiv2][body] POST https://serviceusage.googleapis.com/v1beta1/projects/818856364225/services/pubsub.googleapis.com:generateServiceIdentity {"name":"operations/finished.DONE_OPERATION","done":true,"response":{"@type":"type.googleapis.com/google.api.serviceusage.v1beta1.ServiceIdentity","email":"service-818856364225@gcp-sa-pubsub.iam.gserviceaccount.com","uniqueId":"104723465390468294154"}}
[debug] [2026-01-02T23:05:55.745Z] <<< [apiv2][status] POST https://serviceusage.googleapis.com/v1beta1/projects/818856364225/services/eventarc.googleapis.com:generateServiceIdentity 200
[debug] [2026-01-02T23:05:55.745Z] <<< [apiv2][body] POST https://serviceusage.googleapis.com/v1beta1/projects/818856364225/services/eventarc.googleapis.com:generateServiceIdentity {"name":"operations/finished.DONE_OPERATION","done":true,"response":{"@type":"type.googleapis.com/google.api.serviceusage.v1beta1.ServiceIdentity","email":"service-818856364225@gcp-sa-eventarc.iam.gserviceaccount.com","uniqueId":"114699208877229824835"}}
[debug] [2026-01-02T23:05:55.748Z] Checked if tokens are valid: true, expires at: 1767397793078
[debug] [2026-01-02T23:05:55.748Z] Checked if tokens are valid: true, expires at: 1767397793078
[debug] [2026-01-02T23:05:55.748Z] >>> [apiv2][query] GET https://cloudresourcemanager.googleapis.com/v1/projects/bioblitz-mitosisphere [none]
[debug] [2026-01-02T23:05:56.054Z] <<< [apiv2][status] GET https://cloudresourcemanager.googleapis.com/v1/projects/bioblitz-mitosisphere 200
[debug] [2026-01-02T23:05:56.055Z] <<< [apiv2][body] GET https://cloudresourcemanager.googleapis.com/v1/projects/bioblitz-mitosisphere {"projectNumber":"818856364225","projectId":"bioblitz-mitosisphere","lifecycleState":"ACTIVE","name":"bioblitz-mitosisphere","labels":{"firebase":"enabled","firebase-core":"disabled"},"createTime":"2025-06-29T13:24:18.714560Z"}
[debug] [2026-01-02T23:05:56.055Z] Checked if tokens are valid: true, expires at: 1767397793078
[debug] [2026-01-02T23:05:56.055Z] Checked if tokens are valid: true, expires at: 1767397793078
[debug] [2026-01-02T23:05:56.055Z] >>> [apiv2][query] GET https://compute.googleapis.com/compute/v1/projects/818856364225 [none]
[debug] [2026-01-02T23:05:56.341Z] <<< [apiv2][status] GET https://compute.googleapis.com/compute/v1/projects/818856364225 403
[debug] [2026-01-02T23:05:56.342Z] <<< [apiv2][body] GET https://compute.googleapis.com/compute/v1/projects/818856364225 {"error":{"code":403,"message":"Compute Engine API has not been used in project 818856364225 before or it is disabled. Enable it by visiting https://console.developers.google.com/apis/api/compute.googleapis.com/overview?project=818856364225 then retry. If you enabled this API recently, wait a few minutes for the action to propagate to our systems and retry.","errors":[{"message":"Compute Engine API has not been used in project 818856364225 before or it is disabled. Enable it by visiting https://console.developers.google.com/apis/api/compute.googleapis.com/overview?project=818856364225 then retry. If you enabled this API recently, wait a few minutes for the action to propagate to our systems and retry.","domain":"usageLimits","reason":"accessNotConfigured","extendedHelp":"https://console.developers.google.com"}],"status":"PERMISSION_DENIED","details":[{"@type":"type.googleapis.com/google.rpc.ErrorInfo","reason":"SERVICE_DISABLED","domain":"googleapis.com","metadata":{"consumer":"projects/818856364225","serviceTitle":"Compute Engine API","service":"compute.googleapis.com","activationUrl":"https://console.developers.google.com/apis/api/compute.googleapis.com/overview?project=818856364225","containerInfo":"818856364225"}},{"@type":"type.googleapis.com/google.rpc.LocalizedMessage","locale":"en-US","message":"Compute Engine API has not been used in project 818856364225 before or it is disabled. Enable it by visiting https://console.developers.google.com/apis/api/compute.googleapis.com/overview?project=818856364225 then retry. If you enabled this API recently, wait a few minutes for the action to propagate to our systems and retry."},{"@type":"type.googleapis.com/google.rpc.Help","links":[{"description":"Google developers console API activation","url":"https://console.developers.google.com/apis/api/compute.googleapis.com/overview?project=818856364225"}]}]}}
[debug] [2026-01-02T23:05:56.343Z] unable to look up default compute service account. Falling back to 818856364225-compute@developer.gserviceaccount.com. Error: {"name":"FirebaseError","children":[],"context":{"body":{"error":{"code":403,"message":"Compute Engine API has not been used in project 818856364225 before or it is disabled. Enable it by visiting https://console.developers.google.com/apis/api/compute.googleapis.com/overview?project=818856364225 then retry. If you enabled this API recently, wait a few minutes for the action to propagate to our systems and retry.","errors":[{"message":"Compute Engine API has not been used in project 818856364225 before or it is disabled. Enable it by visiting https://console.developers.google.com/apis/api/compute.googleapis.com/overview?project=818856364225 then retry. If you enabled this API recently, wait a few minutes for the action to propagate to our systems and retry.","domain":"usageLimits","reason":"accessNotConfigured","extendedHelp":"https://console.developers.google.com"}],"status":"PERMISSION_DENIED","details":[{"@type":"type.googleapis.com/google.rpc.ErrorInfo","reason":"SERVICE_DISABLED","domain":"googleapis.com","metadata":{"consumer":"projects/818856364225","serviceTitle":"Compute Engine API","service":"compute.googleapis.com","activationUrl":"https://console.developers.google.com/apis/api/compute.googleapis.com/overview?project=818856364225","containerInfo":"818856364225"}},{"@type":"type.googleapis.com/google.rpc.LocalizedMessage","locale":"en-US","message":"Compute Engine API has not been used in project 818856364225 before or it is disabled. Enable it by visiting https://console.developers.google.com/apis/api/compute.googleapis.com/overview?project=818856364225 then retry. If you enabled this API recently, wait a few minutes for the action to propagate to our systems and retry."},{"@type":"type.googleapis.com/google.rpc.Help","links":[{"description":"Google developers console API activation","url":"https://console.developers.google.com/apis/api/compute.googleapis.com/overview?project=818856364225"}]}]}},"response":{"statusCode":403}},"exit":1,"message":"Request to https://compute.googleapis.com/compute/v1/projects/818856364225 had HTTP Error: 403, Compute Engine API has not been used in project 818856364225 before or it is disabled. Enable it by visiting https://console.developers.google.com/apis/api/compute.googleapis.com/overview?project=818856364225 then retry. If you enabled this API recently, wait a few minutes for the action to propagate to our systems and retry.","status":403}
[debug] [2026-01-02T23:05:56.343Z] Checked if tokens are valid: true, expires at: 1767397793078
[debug] [2026-01-02T23:05:56.343Z] Checked if tokens are valid: true, expires at: 1767397793078
[debug] [2026-01-02T23:05:56.343Z] >>> [apiv2][query] GET https://compute.googleapis.com/compute/v1/projects/818856364225 [none]
[debug] [2026-01-02T23:05:56.655Z] <<< [apiv2][status] GET https://compute.googleapis.com/compute/v1/projects/818856364225 403
[debug] [2026-01-02T23:05:56.655Z] <<< [apiv2][body] GET https://compute.googleapis.com/compute/v1/projects/818856364225 {"error":{"code":403,"message":"Compute Engine API has not been used in project 818856364225 before or it is disabled. Enable it by visiting https://console.developers.google.com/apis/api/compute.googleapis.com/overview?project=818856364225 then retry. If you enabled this API recently, wait a few minutes for the action to propagate to our systems and retry.","errors":[{"message":"Compute Engine API has not been used in project 818856364225 before or it is disabled. Enable it by visiting https://console.developers.google.com/apis/api/compute.googleapis.com/overview?project=818856364225 then retry. If you enabled this API recently, wait a few minutes for the action to propagate to our systems and retry.","domain":"usageLimits","reason":"accessNotConfigured","extendedHelp":"https://console.developers.google.com"}],"status":"PERMISSION_DENIED","details":[{"@type":"type.googleapis.com/google.rpc.ErrorInfo","reason":"SERVICE_DISABLED","domain":"googleapis.com","metadata":{"consumer":"projects/818856364225","activationUrl":"https://console.developers.google.com/apis/api/compute.googleapis.com/overview?project=818856364225","service":"compute.googleapis.com","containerInfo":"818856364225","serviceTitle":"Compute Engine API"}},{"@type":"type.googleapis.com/google.rpc.LocalizedMessage","locale":"en-US","message":"Compute Engine API has not been used in project 818856364225 before or it is disabled. Enable it by visiting https://console.developers.google.com/apis/api/compute.googleapis.com/overview?project=818856364225 then retry. If you enabled this API recently, wait a few minutes for the action to propagate to our systems and retry."},{"@type":"type.googleapis.com/google.rpc.Help","links":[{"description":"Google developers console API activation","url":"https://console.developers.google.com/apis/api/compute.googleapis.com/overview?project=818856364225"}]}]}}
[debug] [2026-01-02T23:05:56.655Z] unable to look up default compute service account. Falling back to 818856364225-compute@developer.gserviceaccount.com. Error: {"name":"FirebaseError","children":[],"context":{"body":{"error":{"code":403,"message":"Compute Engine API has not been used in project 818856364225 before or it is disabled. Enable it by visiting https://console.developers.google.com/apis/api/compute.googleapis.com/overview?project=818856364225 then retry. If you enabled this API recently, wait a few minutes for the action to propagate to our systems and retry.","errors":[{"message":"Compute Engine API has not been used in project 818856364225 before or it is disabled. Enable it by visiting https://console.developers.google.com/apis/api/compute.googleapis.com/overview?project=818856364225 then retry. If you enabled this API recently, wait a few minutes for the action to propagate to our systems and retry.","domain":"usageLimits","reason":"accessNotConfigured","extendedHelp":"https://console.developers.google.com"}],"status":"PERMISSION_DENIED","details":[{"@type":"type.googleapis.com/google.rpc.ErrorInfo","reason":"SERVICE_DISABLED","domain":"googleapis.com","metadata":{"consumer":"projects/818856364225","activationUrl":"https://console.developers.google.com/apis/api/compute.googleapis.com/overview?project=818856364225","service":"compute.googleapis.com","containerInfo":"818856364225","serviceTitle":"Compute Engine API"}},{"@type":"type.googleapis.com/google.rpc.LocalizedMessage","locale":"en-US","message":"Compute Engine API has not been used in project 818856364225 before or it is disabled. Enable it by visiting https://console.developers.google.com/apis/api/compute.googleapis.com/overview?project=818856364225 then retry. If you enabled this API recently, wait a few minutes for the action to propagate to our systems and retry."},{"@type":"type.googleapis.com/google.rpc.Help","links":[{"description":"Google developers console API activation","url":"https://console.developers.google.com/apis/api/compute.googleapis.com/overview?project=818856364225"}]}]}},"response":{"statusCode":403}},"exit":1,"message":"Request to https://compute.googleapis.com/compute/v1/projects/818856364225 had HTTP Error: 403, Compute Engine API has not been used in project 818856364225 before or it is disabled. Enable it by visiting https://console.developers.google.com/apis/api/compute.googleapis.com/overview?project=818856364225 then retry. If you enabled this API recently, wait a few minutes for the action to propagate to our systems and retry.","status":403}
[debug] [2026-01-02T23:05:56.655Z] Checked if tokens are valid: true, expires at: 1767397793078
[debug] [2026-01-02T23:05:56.655Z] Checked if tokens are valid: true, expires at: 1767397793078
[debug] [2026-01-02T23:05:56.656Z] >>> [apiv2][query] GET https://compute.googleapis.com/compute/v1/projects/818856364225 [none]
[debug] [2026-01-02T23:05:56.834Z] <<< [apiv2][status] GET https://compute.googleapis.com/compute/v1/projects/818856364225 403
[debug] [2026-01-02T23:05:56.834Z] <<< [apiv2][body] GET https://compute.googleapis.com/compute/v1/projects/818856364225 {"error":{"code":403,"message":"Compute Engine API has not been used in project 818856364225 before or it is disabled. Enable it by visiting https://console.developers.google.com/apis/api/compute.googleapis.com/overview?project=818856364225 then retry. If you enabled this API recently, wait a few minutes for the action to propagate to our systems and retry.","errors":[{"message":"Compute Engine API has not been used in project 818856364225 before or it is disabled. Enable it by visiting https://console.developers.google.com/apis/api/compute.googleapis.com/overview?project=818856364225 then retry. If you enabled this API recently, wait a few minutes for the action to propagate to our systems and retry.","domain":"usageLimits","reason":"accessNotConfigured","extendedHelp":"https://console.developers.google.com"}],"status":"PERMISSION_DENIED","details":[{"@type":"type.googleapis.com/google.rpc.ErrorInfo","reason":"SERVICE_DISABLED","domain":"googleapis.com","metadata":{"service":"compute.googleapis.com","consumer":"projects/818856364225","serviceTitle":"Compute Engine API","activationUrl":"https://console.developers.google.com/apis/api/compute.googleapis.com/overview?project=818856364225","containerInfo":"818856364225"}},{"@type":"type.googleapis.com/google.rpc.LocalizedMessage","locale":"en-US","message":"Compute Engine API has not been used in project 818856364225 before or it is disabled. Enable it by visiting https://console.developers.google.com/apis/api/compute.googleapis.com/overview?project=818856364225 then retry. If you enabled this API recently, wait a few minutes for the action to propagate to our systems and retry."},{"@type":"type.googleapis.com/google.rpc.Help","links":[{"description":"Google developers console API activation","url":"https://console.developers.google.com/apis/api/compute.googleapis.com/overview?project=818856364225"}]}]}}
[debug] [2026-01-02T23:05:56.834Z] unable to look up default compute service account. Falling back to 818856364225-compute@developer.gserviceaccount.com. Error: {"name":"FirebaseError","children":[],"context":{"body":{"error":{"code":403,"message":"Compute Engine API has not been used in project 818856364225 before or it is disabled. Enable it by visiting https://console.developers.google.com/apis/api/compute.googleapis.com/overview?project=818856364225 then retry. If you enabled this API recently, wait a few minutes for the action to propagate to our systems and retry.","errors":[{"message":"Compute Engine API has not been used in project 818856364225 before or it is disabled. Enable it by visiting https://console.developers.google.com/apis/api/compute.googleapis.com/overview?project=818856364225 then retry. If you enabled this API recently, wait a few minutes for the action to propagate to our systems and retry.","domain":"usageLimits","reason":"accessNotConfigured","extendedHelp":"https://console.developers.google.com"}],"status":"PERMISSION_DENIED","details":[{"@type":"type.googleapis.com/google.rpc.ErrorInfo","reason":"SERVICE_DISABLED","domain":"googleapis.com","metadata":{"service":"compute.googleapis.com","consumer":"projects/818856364225","serviceTitle":"Compute Engine API","activationUrl":"https://console.developers.google.com/apis/api/compute.googleapis.com/overview?project=818856364225","containerInfo":"818856364225"}},{"@type":"type.googleapis.com/google.rpc.LocalizedMessage","locale":"en-US","message":"Compute Engine API has not been used in project 818856364225 before or it is disabled. Enable it by visiting https://console.developers.google.com/apis/api/compute.googleapis.com/overview?project=818856364225 then retry. If you enabled this API recently, wait a few minutes for the action to propagate to our systems and retry."},{"@type":"type.googleapis.com/google.rpc.Help","links":[{"description":"Google developers console API activation","url":"https://console.developers.google.com/apis/api/compute.googleapis.com/overview?project=818856364225"}]}]}},"response":{"statusCode":403}},"exit":1,"message":"Request to https://compute.googleapis.com/compute/v1/projects/818856364225 had HTTP Error: 403, Compute Engine API has not been used in project 818856364225 before or it is disabled. Enable it by visiting https://console.developers.google.com/apis/api/compute.googleapis.com/overview?project=818856364225 then retry. If you enabled this API recently, wait a few minutes for the action to propagate to our systems and retry.","status":403}
[debug] [2026-01-02T23:05:56.834Z] Checked if tokens are valid: true, expires at: 1767397793078
[debug] [2026-01-02T23:05:56.834Z] Checked if tokens are valid: true, expires at: 1767397793078
[debug] [2026-01-02T23:05:56.835Z] >>> [apiv2][query] GET https://compute.googleapis.com/compute/v1/projects/818856364225 [none]
[debug] [2026-01-02T23:05:57.010Z] <<< [apiv2][status] GET https://compute.googleapis.com/compute/v1/projects/818856364225 403
[debug] [2026-01-02T23:05:57.010Z] <<< [apiv2][body] GET https://compute.googleapis.com/compute/v1/projects/818856364225 {"error":{"code":403,"message":"Compute Engine API has not been used in project 818856364225 before or it is disabled. Enable it by visiting https://console.developers.google.com/apis/api/compute.googleapis.com/overview?project=818856364225 then retry. If you enabled this API recently, wait a few minutes for the action to propagate to our systems and retry.","errors":[{"message":"Compute Engine API has not been used in project 818856364225 before or it is disabled. Enable it by visiting https://console.developers.google.com/apis/api/compute.googleapis.com/overview?project=818856364225 then retry. If you enabled this API recently, wait a few minutes for the action to propagate to our systems and retry.","domain":"usageLimits","reason":"accessNotConfigured","extendedHelp":"https://console.developers.google.com"}],"status":"PERMISSION_DENIED","details":[{"@type":"type.googleapis.com/google.rpc.ErrorInfo","reason":"SERVICE_DISABLED","domain":"googleapis.com","metadata":{"consumer":"projects/818856364225","service":"compute.googleapis.com","containerInfo":"818856364225","serviceTitle":"Compute Engine API","activationUrl":"https://console.developers.google.com/apis/api/compute.googleapis.com/overview?project=818856364225"}},{"@type":"type.googleapis.com/google.rpc.LocalizedMessage","locale":"en-US","message":"Compute Engine API has not been used in project 818856364225 before or it is disabled. Enable it by visiting https://console.developers.google.com/apis/api/compute.googleapis.com/overview?project=818856364225 then retry. If you enabled this API recently, wait a few minutes for the action to propagate to our systems and retry."},{"@type":"type.googleapis.com/google.rpc.Help","links":[{"description":"Google developers console API activation","url":"https://console.developers.google.com/apis/api/compute.googleapis.com/overview?project=818856364225"}]}]}}
[debug] [2026-01-02T23:05:57.010Z] unable to look up default compute service account. Falling back to 818856364225-compute@developer.gserviceaccount.com. Error: {"name":"FirebaseError","children":[],"context":{"body":{"error":{"code":403,"message":"Compute Engine API has not been used in project 818856364225 before or it is disabled. Enable it by visiting https://console.developers.google.com/apis/api/compute.googleapis.com/overview?project=818856364225 then retry. If you enabled this API recently, wait a few minutes for the action to propagate to our systems and retry.","errors":[{"message":"Compute Engine API has not been used in project 818856364225 before or it is disabled. Enable it by visiting https://console.developers.google.com/apis/api/compute.googleapis.com/overview?project=818856364225 then retry. If you enabled this API recently, wait a few minutes for the action to propagate to our systems and retry.","domain":"usageLimits","reason":"accessNotConfigured","extendedHelp":"https://console.developers.google.com"}],"status":"PERMISSION_DENIED","details":[{"@type":"type.googleapis.com/google.rpc.ErrorInfo","reason":"SERVICE_DISABLED","domain":"googleapis.com","metadata":{"consumer":"projects/818856364225","service":"compute.googleapis.com","containerInfo":"818856364225","serviceTitle":"Compute Engine API","activationUrl":"https://console.developers.google.com/apis/api/compute.googleapis.com/overview?project=818856364225"}},{"@type":"type.googleapis.com/google.rpc.LocalizedMessage","locale":"en-US","message":"Compute Engine API has not been used in project 818856364225 before or it is disabled. Enable it by visiting https://console.developers.google.com/apis/api/compute.googleapis.com/overview?project=818856364225 then retry. If you enabled this API recently, wait a few minutes for the action to propagate to our systems and retry."},{"@type":"type.googleapis.com/google.rpc.Help","links":[{"description":"Google developers console API activation","url":"https://console.developers.google.com/apis/api/compute.googleapis.com/overview?project=818856364225"}]}]}},"response":{"statusCode":403}},"exit":1,"message":"Request to https://compute.googleapis.com/compute/v1/projects/818856364225 had HTTP Error: 403, Compute Engine API has not been used in project 818856364225 before or it is disabled. Enable it by visiting https://console.developers.google.com/apis/api/compute.googleapis.com/overview?project=818856364225 then retry. If you enabled this API recently, wait a few minutes for the action to propagate to our systems and retry.","status":403}
[debug] [2026-01-02T23:05:57.011Z] Checked if tokens are valid: true, expires at: 1767397793078
[debug] [2026-01-02T23:05:57.011Z] Checked if tokens are valid: true, expires at: 1767397793078
[debug] [2026-01-02T23:05:57.011Z] >>> [apiv2][query] GET https://compute.googleapis.com/compute/v1/projects/818856364225 [none]
[debug] [2026-01-02T23:05:57.194Z] <<< [apiv2][status] GET https://compute.googleapis.com/compute/v1/projects/818856364225 403
[debug] [2026-01-02T23:05:57.194Z] <<< [apiv2][body] GET https://compute.googleapis.com/compute/v1/projects/818856364225 {"error":{"code":403,"message":"Compute Engine API has not been used in project 818856364225 before or it is disabled. Enable it by visiting https://console.developers.google.com/apis/api/compute.googleapis.com/overview?project=818856364225 then retry. If you enabled this API recently, wait a few minutes for the action to propagate to our systems and retry.","errors":[{"message":"Compute Engine API has not been used in project 818856364225 before or it is disabled. Enable it by visiting https://console.developers.google.com/apis/api/compute.googleapis.com/overview?project=818856364225 then retry. If you enabled this API recently, wait a few minutes for the action to propagate to our systems and retry.","domain":"usageLimits","reason":"accessNotConfigured","extendedHelp":"https://console.developers.google.com"}],"status":"PERMISSION_DENIED","details":[{"@type":"type.googleapis.com/google.rpc.ErrorInfo","reason":"SERVICE_DISABLED","domain":"googleapis.com","metadata":{"service":"compute.googleapis.com","containerInfo":"818856364225","serviceTitle":"Compute Engine API","activationUrl":"https://console.developers.google.com/apis/api/compute.googleapis.com/overview?project=818856364225","consumer":"projects/818856364225"}},{"@type":"type.googleapis.com/google.rpc.LocalizedMessage","locale":"en-US","message":"Compute Engine API has not been used in project 818856364225 before or it is disabled. Enable it by visiting https://console.developers.google.com/apis/api/compute.googleapis.com/overview?project=818856364225 then retry. If you enabled this API recently, wait a few minutes for the action to propagate to our systems and retry."},{"@type":"type.googleapis.com/google.rpc.Help","links":[{"description":"Google developers console API activation","url":"https://console.developers.google.com/apis/api/compute.googleapis.com/overview?project=818856364225"}]}]}}
[debug] [2026-01-02T23:05:57.194Z] unable to look up default compute service account. Falling back to 818856364225-compute@developer.gserviceaccount.com. Error: {"name":"FirebaseError","children":[],"context":{"body":{"error":{"code":403,"message":"Compute Engine API has not been used in project 818856364225 before or it is disabled. Enable it by visiting https://console.developers.google.com/apis/api/compute.googleapis.com/overview?project=818856364225 then retry. If you enabled this API recently, wait a few minutes for the action to propagate to our systems and retry.","errors":[{"message":"Compute Engine API has not been used in project 818856364225 before or it is disabled. Enable it by visiting https://console.developers.google.com/apis/api/compute.googleapis.com/overview?project=818856364225 then retry. If you enabled this API recently, wait a few minutes for the action to propagate to our systems and retry.","domain":"usageLimits","reason":"accessNotConfigured","extendedHelp":"https://console.developers.google.com"}],"status":"PERMISSION_DENIED","details":[{"@type":"type.googleapis.com/google.rpc.ErrorInfo","reason":"SERVICE_DISABLED","domain":"googleapis.com","metadata":{"service":"compute.googleapis.com","containerInfo":"818856364225","serviceTitle":"Compute Engine API","activationUrl":"https://console.developers.google.com/apis/api/compute.googleapis.com/overview?project=818856364225","consumer":"projects/818856364225"}},{"@type":"type.googleapis.com/google.rpc.LocalizedMessage","locale":"en-US","message":"Compute Engine API has not been used in project 818856364225 before or it is disabled. Enable it by visiting https://console.developers.google.com/apis/api/compute.googleapis.com/overview?project=818856364225 then retry. If you enabled this API recently, wait a few minutes for the action to propagate to our systems and retry."},{"@type":"type.googleapis.com/google.rpc.Help","links":[{"description":"Google developers console API activation","url":"https://console.developers.google.com/apis/api/compute.googleapis.com/overview?project=818856364225"}]}]}},"response":{"statusCode":403}},"exit":1,"message":"Request to https://compute.googleapis.com/compute/v1/projects/818856364225 had HTTP Error: 403, Compute Engine API has not been used in project 818856364225 before or it is disabled. Enable it by visiting https://console.developers.google.com/apis/api/compute.googleapis.com/overview?project=818856364225 then retry. If you enabled this API recently, wait a few minutes for the action to propagate to our systems and retry.","status":403}
[debug] [2026-01-02T23:05:57.196Z] Checked if tokens are valid: true, expires at: 1767397793078
[debug] [2026-01-02T23:05:57.196Z] Checked if tokens are valid: true, expires at: 1767397793078
[debug] [2026-01-02T23:05:57.196Z] >>> [apiv2][query] GET https://cloudbilling.googleapis.com/v1/projects/bioblitz-mitosisphere/billingInfo [none]
[debug] [2026-01-02T23:05:57.564Z] <<< [apiv2][status] GET https://cloudbilling.googleapis.com/v1/projects/bioblitz-mitosisphere/billingInfo 200
[debug] [2026-01-02T23:05:57.565Z] <<< [apiv2][body] GET https://cloudbilling.googleapis.com/v1/projects/bioblitz-mitosisphere/billingInfo {"name":"projects/bioblitz-mitosisphere/billingInfo","projectId":"bioblitz-mitosisphere","billingAccountName":"billingAccounts/01C1F4-8DE07C-17B13F","billingEnabled":true}
[debug] [2026-01-02T23:05:57.567Z] Checked if tokens are valid: true, expires at: 1767397793078
[debug] [2026-01-02T23:05:57.567Z] Checked if tokens are valid: true, expires at: 1767397793078
[debug] [2026-01-02T23:05:57.567Z] >>> [apiv2][query] POST https://cloudfunctions.googleapis.com/v2/projects/bioblitz-mitosisphere/locations/us-central1/functions:generateUploadUrl [none]
[debug] [2026-01-02T23:05:58.026Z] <<< [apiv2][status] POST https://cloudfunctions.googleapis.com/v2/projects/bioblitz-mitosisphere/locations/us-central1/functions:generateUploadUrl 200
[debug] [2026-01-02T23:05:58.026Z] <<< [apiv2][body] POST https://cloudfunctions.googleapis.com/v2/projects/bioblitz-mitosisphere/locations/us-central1/functions:generateUploadUrl {"uploadUrl":"https://storage.googleapis.com/gcf-v2-uploads-818856364225.us-central1.cloudfunctions.appspot.com/c4c6a792-2480-4eb7-97fa-5599e9cc8725.zip?GoogleAccessId=service-818856364225@gcf-admin-robot.iam.gserviceaccount.com&Expires=1767396957&Signature=iNoS1DriP7tJAyossoXsbxaB2dUH7iTMvhMCzWGWDMuPI0RABIzgZD7Uh4yfb8aiRZusX7pz2WgODriatLQjgTjouhUnSb0woUgWLArLtpPni1GeNclJU7fGTlB8%2F9So0GDSGIMt9g%2BT5GIuMgzM%2B1bzFebjkELgbXzvB1Y2P6JMUNd3%2BMemerkwNe1NTLQCNyxyUaTJr%2BYny%2BzbeI40BEnbyGsaXH%2B%2Fnyb6UbYrcV0tziyUNusaNs%2Fg7OjvbRGsQbCjXuSEUrQ7CyvLmakWgguDRT4QgkgZteLh5fpCNR%2FG4NTn%2BZ19HSKGBQFwEhq%2F2sSIiQLD37EuOXTWe2kunA%3D%3D","storageSource":{"bucket":"gcf-v2-uploads-818856364225.us-central1.cloudfunctions.appspot.com","object":"c4c6a792-2480-4eb7-97fa-5599e9cc8725.zip"}}
[debug] [2026-01-02T23:05:58.027Z] >>> [apiv2][query] PUT https://storage.googleapis.com/gcf-v2-uploads-818856364225.us-central1.cloudfunctions.appspot.com/c4c6a792-2480-4eb7-97fa-5599e9cc8725.zip GoogleAccessId=service-818856364225%40gcf-admin-robot.iam.gserviceaccount.com&Expires=1767396957&Signature=iNoS1DriP7tJAyossoXsbxaB2dUH7iTMvhMCzWGWDMuPI0RABIzgZD7Uh4yfb8aiRZusX7pz2WgODriatLQjgTjouhUnSb0woUgWLArLtpPni1GeNclJU7fGTlB8%2F9So0GDSGIMt9g%2BT5GIuMgzM%2B1bzFebjkELgbXzvB1Y2P6JMUNd3%2BMemerkwNe1NTLQCNyxyUaTJr%2BYny%2BzbeI40BEnbyGsaXH%2B%2Fnyb6UbYrcV0tziyUNusaNs%2Fg7OjvbRGsQbCjXuSEUrQ7CyvLmakWgguDRT4QgkgZteLh5fpCNR%2FG4NTn%2BZ19HSKGBQFwEhq%2F2sSIiQLD37EuOXTWe2kunA%3D%3D
[debug] [2026-01-02T23:05:58.028Z] >>> [apiv2][body] PUT https://storage.googleapis.com/gcf-v2-uploads-818856364225.us-central1.cloudfunctions.appspot.com/c4c6a792-2480-4eb7-97fa-5599e9cc8725.zip [stream]
[debug] [2026-01-02T23:05:58.612Z] <<< [apiv2][status] PUT https://storage.googleapis.com/gcf-v2-uploads-818856364225.us-central1.cloudfunctions.appspot.com/c4c6a792-2480-4eb7-97fa-5599e9cc8725.zip 200
[debug] [2026-01-02T23:05:58.612Z] <<< [apiv2][body] PUT https://storage.googleapis.com/gcf-v2-uploads-818856364225.us-central1.cloudfunctions.appspot.com/c4c6a792-2480-4eb7-97fa-5599e9cc8725.zip [omitted]
[info] ✔  functions: functions folder uploaded successfully 
[info] i  functions: updating Node.js 22 (2nd Gen) function gradeTest(us-central1)... 
[info] i  functions: updating Node.js 22 (2nd Gen) function getPublicQuestions(us-central1)... 
[info] i  functions: updating Node.js 22 (2nd Gen) function aggregateGameRating(us-central1)... 
[info] i  functions: updating Node.js 22 (2nd Gen) function onUserProfileUpdate(us-central1)... 
[info] i  functions: updating Node.js 22 (2nd Gen) function resetStreaksDaily(us-central1)... 
[debug] [2026-01-02T23:05:58.618Z] Checked if tokens are valid: true, expires at: 1767397793078
[debug] [2026-01-02T23:05:58.619Z] Checked if tokens are valid: true, expires at: 1767397793078
[debug] [2026-01-02T23:05:58.619Z] Checked if tokens are valid: true, expires at: 1767397793078
[debug] [2026-01-02T23:05:58.619Z] Checked if tokens are valid: true, expires at: 1767397793078
[debug] [2026-01-02T23:05:58.619Z] >>> [apiv2][query] PATCH https://cloudfunctions.googleapis.com/v2/projects/bioblitz-mitosisphere/locations/us-central1/functions/gradeTest updateMask=name%2CbuildConfig.runtime%2CbuildConfig.entryPoint%2CbuildConfig.source.storageSource.bucket%2CbuildConfig.source.storageSource.object%2CbuildConfig.environmentVariables%2CbuildConfig.sourceToken%2CserviceConfig.environmentVariables%2CserviceConfig.ingressSettings%2CserviceConfig.timeoutSeconds%2CserviceConfig.serviceAccountEmail%2CserviceConfig.availableMemory%2CserviceConfig.minInstanceCount%2CserviceConfig.maxInstanceCount%2CserviceConfig.maxInstanceRequestConcurrency%2CserviceConfig.availableCpu%2CserviceConfig.vpcConnector%2CserviceConfig.vpcConnectorEgressSettings%2Clabels%2CeventTrigger.eventType%2CeventTrigger.retryPolicy%2CeventTrigger.eventFilters%2CeventTrigger.triggerRegion
[debug] [2026-01-02T23:05:58.619Z] >>> [apiv2][body] PATCH https://cloudfunctions.googleapis.com/v2/projects/bioblitz-mitosisphere/locations/us-central1/functions/gradeTest {"name":"projects/bioblitz-mitosisphere/locations/us-central1/functions/gradeTest","buildConfig":{"runtime":"nodejs22","entryPoint":"gradeTest","source":{"storageSource":{"bucket":"gcf-v2-uploads-818856364225.us-central1.cloudfunctions.appspot.com","object":"c4c6a792-2480-4eb7-97fa-5599e9cc8725.zip"}},"environmentVariables":{"GOOGLE_NODE_RUN_SCRIPTS":""}},"serviceConfig":{"environmentVariables":{"FIREBASE_CONFIG":"{\"projectId\":\"bioblitz-mitosisphere\",\"storageBucket\":\"bioblitz-mitosisphere.firebasestorage.app\"}","GCLOUD_PROJECT":"bioblitz-mitosisphere","EVENTARC_CLOUD_EVENT_SOURCE":"projects/bioblitz-mitosisphere/locations/us-central1/services/gradeTest","FUNCTION_SIGNATURE_TYPE":"cloudevent","FUNCTION_TARGET":"gradeTest","LOG_EXECUTION_ID":"true"},"ingressSettings":null,"timeoutSeconds":null,"serviceAccountEmail":null,"availableMemory":"256Mi","minInstanceCount":null,"maxInstanceCount":null,"maxInstanceRequestConcurrency":80,"availableCpu":"1","vpcConnector":null,"vpcConnectorEgressSettings":null},"labels":{"deployment-tool":"cli-firebase","firebase-functions-hash":"233024ebddeff3f571af0797b5c023b67c23caf7"},"eventTrigger":{"eventType":"google.cloud.firestore.document.v1.created","retryPolicy":"RETRY_POLICY_DO_NOT_RETRY","eventFilters":[{"attribute":"database","value":"(default)"},{"attribute":"namespace","value":"(default)"},{"attribute":"document","value":"gameSubmissions/{submissionId}","operator":"match-path-pattern"}],"triggerRegion":"us-east4"}}
[debug] [2026-01-02T23:05:58.620Z] >>> [apiv2][query] PATCH https://cloudfunctions.googleapis.com/v2/projects/bioblitz-mitosisphere/locations/us-central1/functions/resetStreaksDaily updateMask=name%2CbuildConfig.runtime%2CbuildConfig.entryPoint%2CbuildConfig.source.storageSource.bucket%2CbuildConfig.source.storageSource.object%2CbuildConfig.environmentVariables%2CbuildConfig.sourceToken%2CserviceConfig.environmentVariables%2CserviceConfig.ingressSettings%2CserviceConfig.timeoutSeconds%2CserviceConfig.serviceAccountEmail%2CserviceConfig.availableMemory%2CserviceConfig.minInstanceCount%2CserviceConfig.maxInstanceCount%2CserviceConfig.maxInstanceRequestConcurrency%2CserviceConfig.availableCpu%2CserviceConfig.vpcConnector%2CserviceConfig.vpcConnectorEgressSettings%2Clabels
[debug] [2026-01-02T23:05:58.620Z] >>> [apiv2][body] PATCH https://cloudfunctions.googleapis.com/v2/projects/bioblitz-mitosisphere/locations/us-central1/functions/resetStreaksDaily {"name":"projects/bioblitz-mitosisphere/locations/us-central1/functions/resetStreaksDaily","buildConfig":{"runtime":"nodejs22","entryPoint":"resetStreaksDaily","source":{"storageSource":{"bucket":"gcf-v2-uploads-818856364225.us-central1.cloudfunctions.appspot.com","object":"c4c6a792-2480-4eb7-97fa-5599e9cc8725.zip"}},"environmentVariables":{"GOOGLE_NODE_RUN_SCRIPTS":""}},"serviceConfig":{"environmentVariables":{"FIREBASE_CONFIG":"{\"projectId\":\"bioblitz-mitosisphere\",\"storageBucket\":\"bioblitz-mitosisphere.firebasestorage.app\"}","GCLOUD_PROJECT":"bioblitz-mitosisphere","EVENTARC_CLOUD_EVENT_SOURCE":"projects/bioblitz-mitosisphere/locations/us-central1/services/resetStreaksDaily","FUNCTION_TARGET":"resetStreaksDaily","LOG_EXECUTION_ID":"true"},"ingressSettings":null,"timeoutSeconds":540,"serviceAccountEmail":null,"availableMemory":"512Mi","minInstanceCount":null,"maxInstanceCount":null,"maxInstanceRequestConcurrency":80,"availableCpu":"1","vpcConnector":null,"vpcConnectorEgressSettings":null},"labels":{"deployment-tool":"cli-firebase","deployment-scheduled":"true","firebase-functions-hash":"233024ebddeff3f571af0797b5c023b67c23caf7"}}
[debug] [2026-01-02T23:05:59.528Z] <<< [apiv2][status] PATCH https://cloudfunctions.googleapis.com/v2/projects/bioblitz-mitosisphere/locations/us-central1/functions/resetStreaksDaily 200
[debug] [2026-01-02T23:05:59.528Z] <<< [apiv2][body] PATCH https://cloudfunctions.googleapis.com/v2/projects/bioblitz-mitosisphere/locations/us-central1/functions/resetStreaksDaily {"name":"projects/bioblitz-mitosisphere/locations/us-central1/operations/operation-1767395158910-6476fc09fe797-98e3636e-ccd634bf","metadata":{"@type":"type.googleapis.com/google.cloud.functions.v2.OperationMetadata","createTime":"2026-01-02T23:05:59.499145960Z","target":"projects/bioblitz-mitosisphere/locations/us-central1/functions/resetStreaksDaily","verb":"update","cancelRequested":false,"apiVersion":"v2"},"done":false}
[debug] [2026-01-02T23:05:59.529Z] Checked if tokens are valid: true, expires at: 1767397793078
[debug] [2026-01-02T23:05:59.529Z] Checked if tokens are valid: true, expires at: 1767397793078
[debug] [2026-01-02T23:05:59.529Z] >>> [apiv2][query] GET https://cloudfunctions.googleapis.com/v2/projects/bioblitz-mitosisphere/locations/us-central1/operations/operation-1767395158910-6476fc09fe797-98e3636e-ccd634bf [none]
[debug] [2026-01-02T23:05:59.601Z] <<< [apiv2][status] GET https://cloudfunctions.googleapis.com/v2/projects/bioblitz-mitosisphere/locations/us-central1/operations/operation-1767395158910-6476fc09fe797-98e3636e-ccd634bf 200
[debug] [2026-01-02T23:05:59.601Z] <<< [apiv2][body] GET https://cloudfunctions.googleapis.com/v2/projects/bioblitz-mitosisphere/locations/us-central1/operations/operation-1767395158910-6476fc09fe797-98e3636e-ccd634bf {"name":"projects/bioblitz-mitosisphere/locations/us-central1/operations/operation-1767395158910-6476fc09fe797-98e3636e-ccd634bf","metadata":{"@type":"type.googleapis.com/google.cloud.functions.v2.OperationMetadata","createTime":"2026-01-02T23:05:59.499145960Z","target":"projects/bioblitz-mitosisphere/locations/us-central1/functions/resetStreaksDaily","verb":"update","cancelRequested":false,"apiVersion":"v2"},"done":false}
[debug] [2026-01-02T23:05:59.657Z] <<< [apiv2][status] PATCH https://cloudfunctions.googleapis.com/v2/projects/bioblitz-mitosisphere/locations/us-central1/functions/gradeTest 200
[debug] [2026-01-02T23:05:59.657Z] <<< [apiv2][body] PATCH https://cloudfunctions.googleapis.com/v2/projects/bioblitz-mitosisphere/locations/us-central1/functions/gradeTest {"name":"projects/bioblitz-mitosisphere/locations/us-central1/operations/operation-1767395158803-6476fc09e4441-86d6b6eb-5e423003","metadata":{"@type":"type.googleapis.com/google.cloud.functions.v2.OperationMetadata","createTime":"2026-01-02T23:05:59.627974101Z","target":"projects/bioblitz-mitosisphere/locations/us-central1/functions/gradeTest","verb":"update","cancelRequested":false,"apiVersion":"v2"},"done":false}
[debug] [2026-01-02T23:05:59.658Z] Checked if tokens are valid: true, expires at: 1767397793078
[debug] [2026-01-02T23:05:59.658Z] Checked if tokens are valid: true, expires at: 1767397793078
[debug] [2026-01-02T23:05:59.658Z] >>> [apiv2][query] GET https://cloudfunctions.googleapis.com/v2/projects/bioblitz-mitosisphere/locations/us-central1/operations/operation-1767395158803-6476fc09e4441-86d6b6eb-5e423003 [none]
[debug] [2026-01-02T23:05:59.849Z] <<< [apiv2][status] GET https://cloudfunctions.googleapis.com/v2/projects/bioblitz-mitosisphere/locations/us-central1/operations/operation-1767395158803-6476fc09e4441-86d6b6eb-5e423003 200
[debug] [2026-01-02T23:05:59.849Z] <<< [apiv2][body] GET https://cloudfunctions.googleapis.com/v2/projects/bioblitz-mitosisphere/locations/us-central1/operations/operation-1767395158803-6476fc09e4441-86d6b6eb-5e423003 {"name":"projects/bioblitz-mitosisphere/locations/us-central1/operations/operation-1767395158803-6476fc09e4441-86d6b6eb-5e423003","metadata":{"@type":"type.googleapis.com/google.cloud.functions.v2.OperationMetadata","createTime":"2026-01-02T23:05:59.627974101Z","target":"projects/bioblitz-mitosisphere/locations/us-central1/functions/gradeTest","verb":"update","cancelRequested":false,"apiVersion":"v2","requestResource":{"@type":"type.googleapis.com/google.cloud.functions.v2.Function","name":"projects/bioblitz-mitosisphere/locations/us-central1/functions/gradeTest","buildConfig":{"runtime":"nodejs22","entryPoint":"gradeTest","source":{"storageSource":{"bucket":"gcf-v2-sources-818856364225-us-central1","object":"gradeTest/function-source.zip","generation":"1767395159583919"}},"environmentVariables":{"GOOGLE_NODE_RUN_SCRIPTS":""},"dockerRepository":"projects/bioblitz-mitosisphere/locations/us-central1/repositories/gcf-artifacts","sourceProvenance":{"resolvedStorageSource":{"bucket":"gcf-v2-sources-818856364225-us-central1","object":"gradeTest/function-source.zip","generation":"1767394219350024"}},"dockerRegistry":"ARTIFACT_REGISTRY","serviceAccount":"projects/bioblitz-mitosisphere/serviceAccounts/818856364225-compute@developer.gserviceaccount.com","automaticUpdatePolicy":{}},"serviceConfig":{"service":"projects/bioblitz-mitosisphere/locations/us-central1/services/gradetest","timeoutSeconds":60,"environmentVariables":{"FIREBASE_CONFIG":"{\"projectId\":\"bioblitz-mitosisphere\",\"storageBucket\":\"bioblitz-mitosisphere.firebasestorage.app\"}","GCLOUD_PROJECT":"bioblitz-mitosisphere","EVENTARC_CLOUD_EVENT_SOURCE":"projects/bioblitz-mitosisphere/locations/us-central1/services/gradeTest","FUNCTION_SIGNATURE_TYPE":"cloudevent","FUNCTION_TARGET":"gradeTest","LOG_EXECUTION_ID":"true"},"ingressSettings":"ALLOW_ALL","uri":"https://gradetest-ghgoaiauxq-uc.a.run.app","serviceAccountEmail":"818856364225-compute@developer.gserviceaccount.com","availableMemory":"256Mi","allTrafficOnLatestRevision":true,"revision":"gradetest-00014-rib","maxInstanceRequestConcurrency":80,"availableCpu":"1"},"eventTrigger":{"trigger":"projects/bioblitz-mitosisphere/locations/us-east4/triggers/gradetest-777748","triggerRegion":"us-east4","eventType":"google.cloud.firestore.document.v1.created","eventFilters":[{"attribute":"database","value":"(default)"},{"attribute":"namespace","value":"(default)"},{"attribute":"document","value":"gameSubmissions/{submissionId}","operator":"match-path-pattern"}],"pubsubTopic":"projects/bioblitz-mitosisphere/topics/eventarc-us-east4-gradetest-777748-473","serviceAccountEmail":"818856364225-compute@developer.gserviceaccount.com","retryPolicy":"RETRY_POLICY_DO_NOT_RETRY"},"state":"ACTIVE","labels":{"deployment-tool":"cli-firebase","firebase-functions-hash":"233024ebddeff3f571af0797b5c023b67c23caf7"},"environment":"GEN_2","url":"https://us-central1-bioblitz-mitosisphere.cloudfunctions.net/gradeTest","satisfiesPzi":true},"stages":[{"name":"BUILD","state":"NOT_STARTED"},{"name":"SERVICE","state":"NOT_STARTED"},{"name":"TRIGGER","state":"NOT_STARTED"}],"operationType":"UPDATE_FUNCTION"},"done":false}
[debug] [2026-01-02T23:06:00.104Z] [update-default-us-central1-resetStreaksDaily] Retrying task index 0
[debug] [2026-01-02T23:06:00.104Z] Checked if tokens are valid: true, expires at: 1767397793078
[debug] [2026-01-02T23:06:00.104Z] Checked if tokens are valid: true, expires at: 1767397793078
[debug] [2026-01-02T23:06:00.105Z] >>> [apiv2][query] GET https://cloudfunctions.googleapis.com/v2/projects/bioblitz-mitosisphere/locations/us-central1/operations/operation-1767395158910-6476fc09fe797-98e3636e-ccd634bf [none]
[debug] [2026-01-02T23:06:00.307Z] <<< [apiv2][status] GET https://cloudfunctions.googleapis.com/v2/projects/bioblitz-mitosisphere/locations/us-central1/operations/operation-1767395158910-6476fc09fe797-98e3636e-ccd634bf 200
[debug] [2026-01-02T23:06:00.307Z] <<< [apiv2][body] GET https://cloudfunctions.googleapis.com/v2/projects/bioblitz-mitosisphere/locations/us-central1/operations/operation-1767395158910-6476fc09fe797-98e3636e-ccd634bf {"name":"projects/bioblitz-mitosisphere/locations/us-central1/operations/operation-1767395158910-6476fc09fe797-98e3636e-ccd634bf","metadata":{"@type":"type.googleapis.com/google.cloud.functions.v2.OperationMetadata","createTime":"2026-01-02T23:05:59.499145960Z","target":"projects/bioblitz-mitosisphere/locations/us-central1/functions/resetStreaksDaily","verb":"update","cancelRequested":false,"apiVersion":"v2","requestResource":{"@type":"type.googleapis.com/google.cloud.functions.v2.Function","name":"projects/bioblitz-mitosisphere/locations/us-central1/functions/resetStreaksDaily","buildConfig":{"runtime":"nodejs22","entryPoint":"resetStreaksDaily","source":{"storageSource":{"bucket":"gcf-v2-sources-818856364225-us-central1","object":"resetStreaksDaily/function-source.zip","generation":"1767395159457109"}},"environmentVariables":{"GOOGLE_NODE_RUN_SCRIPTS":""},"dockerRepository":"projects/bioblitz-mitosisphere/locations/us-central1/repositories/gcf-artifacts","sourceProvenance":{"resolvedStorageSource":{"bucket":"gcf-v2-sources-818856364225-us-central1","object":"resetStreaksDaily/function-source.zip","generation":"1767394218558545"}},"dockerRegistry":"ARTIFACT_REGISTRY","serviceAccount":"projects/bioblitz-mitosisphere/serviceAccounts/818856364225-compute@developer.gserviceaccount.com","automaticUpdatePolicy":{}},"serviceConfig":{"service":"projects/bioblitz-mitosisphere/locations/us-central1/services/resetstreaksdaily","timeoutSeconds":540,"environmentVariables":{"FIREBASE_CONFIG":"{\"projectId\":\"bioblitz-mitosisphere\",\"storageBucket\":\"bioblitz-mitosisphere.firebasestorage.app\"}","GCLOUD_PROJECT":"bioblitz-mitosisphere","EVENTARC_CLOUD_EVENT_SOURCE":"projects/bioblitz-mitosisphere/locations/us-central1/services/resetStreaksDaily","FUNCTION_TARGET":"resetStreaksDaily","LOG_EXECUTION_ID":"true"},"ingressSettings":"ALLOW_ALL","uri":"https://resetstreaksdaily-ghgoaiauxq-uc.a.run.app","serviceAccountEmail":"818856364225-compute@developer.gserviceaccount.com","availableMemory":"512Mi","allTrafficOnLatestRevision":true,"revision":"resetstreaksdaily-00001-pab","maxInstanceRequestConcurrency":80,"availableCpu":"1"},"state":"ACTIVE","labels":{"deployment-tool":"cli-firebase","deployment-scheduled":"true","firebase-functions-hash":"233024ebddeff3f571af0797b5c023b67c23caf7"},"environment":"GEN_2","url":"https://us-central1-bioblitz-mitosisphere.cloudfunctions.net/resetStreaksDaily","satisfiesPzi":true},"stages":[{"name":"BUILD","message":"Build in progress","state":"IN_PROGRESS","resource":"projects/818856364225/locations/us-central1/builds/1e81a8b4-078e-49f9-adbe-056265564a4e","resourceUri":"https://console.cloud.google.com/cloud-build/builds;region=us-central1/1e81a8b4-078e-49f9-adbe-056265564a4e?project=818856364225"},{"name":"SERVICE","state":"NOT_STARTED"}],"operationType":"UPDATE_FUNCTION","buildName":"projects/818856364225/locations/us-central1/builds/1e81a8b4-078e-49f9-adbe-056265564a4e"},"done":false}
[debug] [2026-01-02T23:06:00.350Z] [update-default-us-central1-gradeTest] Retrying task index 0
[debug] [2026-01-02T23:06:00.350Z] Checked if tokens are valid: true, expires at: 1767397793078
[debug] [2026-01-02T23:06:00.350Z] Checked if tokens are valid: true, expires at: 1767397793078
[debug] [2026-01-02T23:06:00.351Z] >>> [apiv2][query] GET https://cloudfunctions.googleapis.com/v2/projects/bioblitz-mitosisphere/locations/us-central1/operations/operation-1767395158803-6476fc09e4441-86d6b6eb-5e423003 [none]
[debug] [2026-01-02T23:06:00.567Z] <<< [apiv2][status] GET https://cloudfunctions.googleapis.com/v2/projects/bioblitz-mitosisphere/locations/us-central1/operations/operation-1767395158803-6476fc09e4441-86d6b6eb-5e423003 200
[debug] [2026-01-02T23:06:00.567Z] <<< [apiv2][body] GET https://cloudfunctions.googleapis.com/v2/projects/bioblitz-mitosisphere/locations/us-central1/operations/operation-1767395158803-6476fc09e4441-86d6b6eb-5e423003 {"name":"projects/bioblitz-mitosisphere/locations/us-central1/operations/operation-1767395158803-6476fc09e4441-86d6b6eb-5e423003","metadata":{"@type":"type.googleapis.com/google.cloud.functions.v2.OperationMetadata","createTime":"2026-01-02T23:05:59.627974101Z","target":"projects/bioblitz-mitosisphere/locations/us-central1/functions/gradeTest","verb":"update","cancelRequested":false,"apiVersion":"v2","requestResource":{"@type":"type.googleapis.com/google.cloud.functions.v2.Function","name":"projects/bioblitz-mitosisphere/locations/us-central1/functions/gradeTest","buildConfig":{"runtime":"nodejs22","entryPoint":"gradeTest","source":{"storageSource":{"bucket":"gcf-v2-sources-818856364225-us-central1","object":"gradeTest/function-source.zip","generation":"1767395159583919"}},"environmentVariables":{"GOOGLE_NODE_RUN_SCRIPTS":""},"dockerRepository":"projects/bioblitz-mitosisphere/locations/us-central1/repositories/gcf-artifacts","sourceProvenance":{"resolvedStorageSource":{"bucket":"gcf-v2-sources-818856364225-us-central1","object":"gradeTest/function-source.zip","generation":"1767394219350024"}},"dockerRegistry":"ARTIFACT_REGISTRY","serviceAccount":"projects/bioblitz-mitosisphere/serviceAccounts/818856364225-compute@developer.gserviceaccount.com","automaticUpdatePolicy":{}},"serviceConfig":{"service":"projects/bioblitz-mitosisphere/locations/us-central1/services/gradetest","timeoutSeconds":60,"environmentVariables":{"FIREBASE_CONFIG":"{\"projectId\":\"bioblitz-mitosisphere\",\"storageBucket\":\"bioblitz-mitosisphere.firebasestorage.app\"}","GCLOUD_PROJECT":"bioblitz-mitosisphere","EVENTARC_CLOUD_EVENT_SOURCE":"projects/bioblitz-mitosisphere/locations/us-central1/services/gradeTest","FUNCTION_SIGNATURE_TYPE":"cloudevent","FUNCTION_TARGET":"gradeTest","LOG_EXECUTION_ID":"true"},"ingressSettings":"ALLOW_ALL","uri":"https://gradetest-ghgoaiauxq-uc.a.run.app","serviceAccountEmail":"818856364225-compute@developer.gserviceaccount.com","availableMemory":"256Mi","allTrafficOnLatestRevision":true,"revision":"gradetest-00014-rib","maxInstanceRequestConcurrency":80,"availableCpu":"1"},"eventTrigger":{"trigger":"projects/bioblitz-mitosisphere/locations/us-east4/triggers/gradetest-777748","triggerRegion":"us-east4","eventType":"google.cloud.firestore.document.v1.created","eventFilters":[{"attribute":"database","value":"(default)"},{"attribute":"namespace","value":"(default)"},{"attribute":"document","value":"gameSubmissions/{submissionId}","operator":"match-path-pattern"}],"pubsubTopic":"projects/bioblitz-mitosisphere/topics/eventarc-us-east4-gradetest-777748-473","serviceAccountEmail":"818856364225-compute@developer.gserviceaccount.com","retryPolicy":"RETRY_POLICY_DO_NOT_RETRY"},"state":"ACTIVE","labels":{"deployment-tool":"cli-firebase","firebase-functions-hash":"233024ebddeff3f571af0797b5c023b67c23caf7"},"environment":"GEN_2","url":"https://us-central1-bioblitz-mitosisphere.cloudfunctions.net/gradeTest","satisfiesPzi":true},"stages":[{"name":"BUILD","message":"Build in progress","state":"IN_PROGRESS","resource":"projects/818856364225/locations/us-central1/builds/1b96cc0a-58bb-43da-ae2d-94c4862ee5a8","resourceUri":"https://console.cloud.google.com/cloud-build/builds;region=us-central1/1b96cc0a-58bb-43da-ae2d-94c4862ee5a8?project=818856364225"},{"name":"SERVICE","state":"NOT_STARTED"},{"name":"TRIGGER","state":"NOT_STARTED"}],"operationType":"UPDATE_FUNCTION","buildName":"projects/818856364225/locations/us-central1/builds/1b96cc0a-58bb-43da-ae2d-94c4862ee5a8"},"done":false}
[debug] [2026-01-02T23:06:01.307Z] [update-default-us-central1-resetStreaksDaily] Retrying task index 0
[debug] [2026-01-02T23:06:01.308Z] Checked if tokens are valid: true, expires at: 1767397793078
[debug] [2026-01-02T23:06:01.308Z] Checked if tokens are valid: true, expires at: 1767397793078
[debug] [2026-01-02T23:06:01.308Z] >>> [apiv2][query] GET https://cloudfunctions.googleapis.com/v2/projects/bioblitz-mitosisphere/locations/us-central1/operations/operation-1767395158910-6476fc09fe797-98e3636e-ccd634bf [none]
[debug] [2026-01-02T23:06:01.512Z] <<< [apiv2][status] GET https://cloudfunctions.googleapis.com/v2/projects/bioblitz-mitosisphere/locations/us-central1/operations/operation-1767395158910-6476fc09fe797-98e3636e-ccd634bf 200
[debug] [2026-01-02T23:06:01.512Z] <<< [apiv2][body] GET https://cloudfunctions.googleapis.com/v2/projects/bioblitz-mitosisphere/locations/us-central1/operations/operation-1767395158910-6476fc09fe797-98e3636e-ccd634bf {"name":"projects/bioblitz-mitosisphere/locations/us-central1/operations/operation-1767395158910-6476fc09fe797-98e3636e-ccd634bf","metadata":{"@type":"type.googleapis.com/google.cloud.functions.v2.OperationMetadata","createTime":"2026-01-02T23:05:59.499145960Z","target":"projects/bioblitz-mitosisphere/locations/us-central1/functions/resetStreaksDaily","verb":"update","cancelRequested":false,"apiVersion":"v2","requestResource":{"@type":"type.googleapis.com/google.cloud.functions.v2.Function","name":"projects/bioblitz-mitosisphere/locations/us-central1/functions/resetStreaksDaily","buildConfig":{"runtime":"nodejs22","entryPoint":"resetStreaksDaily","source":{"storageSource":{"bucket":"gcf-v2-sources-818856364225-us-central1","object":"resetStreaksDaily/function-source.zip","generation":"1767395159457109"}},"environmentVariables":{"GOOGLE_NODE_RUN_SCRIPTS":""},"dockerRepository":"projects/bioblitz-mitosisphere/locations/us-central1/repositories/gcf-artifacts","sourceProvenance":{"resolvedStorageSource":{"bucket":"gcf-v2-sources-818856364225-us-central1","object":"resetStreaksDaily/function-source.zip","generation":"1767394218558545"}},"dockerRegistry":"ARTIFACT_REGISTRY","serviceAccount":"projects/bioblitz-mitosisphere/serviceAccounts/818856364225-compute@developer.gserviceaccount.com","automaticUpdatePolicy":{}},"serviceConfig":{"service":"projects/bioblitz-mitosisphere/locations/us-central1/services/resetstreaksdaily","timeoutSeconds":540,"environmentVariables":{"FIREBASE_CONFIG":"{\"projectId\":\"bioblitz-mitosisphere\",\"storageBucket\":\"bioblitz-mitosisphere.firebasestorage.app\"}","GCLOUD_PROJECT":"bioblitz-mitosisphere","EVENTARC_CLOUD_EVENT_SOURCE":"projects/bioblitz-mitosisphere/locations/us-central1/services/resetStreaksDaily","FUNCTION_TARGET":"resetStreaksDaily","LOG_EXECUTION_ID":"true"},"ingressSettings":"ALLOW_ALL","uri":"https://resetstreaksdaily-ghgoaiauxq-uc.a.run.app","serviceAccountEmail":"818856364225-compute@developer.gserviceaccount.com","availableMemory":"512Mi","allTrafficOnLatestRevision":true,"revision":"resetstreaksdaily-00001-pab","maxInstanceRequestConcurrency":80,"availableCpu":"1"},"state":"ACTIVE","labels":{"deployment-tool":"cli-firebase","deployment-scheduled":"true","firebase-functions-hash":"233024ebddeff3f571af0797b5c023b67c23caf7"},"environment":"GEN_2","url":"https://us-central1-bioblitz-mitosisphere.cloudfunctions.net/resetStreaksDaily","satisfiesPzi":true},"stages":[{"name":"BUILD","message":"Build in progress","state":"IN_PROGRESS","resource":"projects/818856364225/locations/us-central1/builds/1e81a8b4-078e-49f9-adbe-056265564a4e","resourceUri":"https://console.cloud.google.com/cloud-build/builds;region=us-central1/1e81a8b4-078e-49f9-adbe-056265564a4e?project=818856364225"},{"name":"SERVICE","state":"NOT_STARTED"}],"operationType":"UPDATE_FUNCTION","buildName":"projects/818856364225/locations/us-central1/builds/1e81a8b4-078e-49f9-adbe-056265564a4e"},"done":false}
[debug] [2026-01-02T23:06:01.568Z] [update-default-us-central1-gradeTest] Retrying task index 0
[debug] [2026-01-02T23:06:01.568Z] Checked if tokens are valid: true, expires at: 1767397793078
[debug] [2026-01-02T23:06:01.568Z] Checked if tokens are valid: true, expires at: 1767397793078
[debug] [2026-01-02T23:06:01.568Z] >>> [apiv2][query] GET https://cloudfunctions.googleapis.com/v2/projects/bioblitz-mitosisphere/locations/us-central1/operations/operation-1767395158803-6476fc09e4441-86d6b6eb-5e423003 [none]
[debug] [2026-01-02T23:06:01.758Z] <<< [apiv2][status] GET https://cloudfunctions.googleapis.com/v2/projects/bioblitz-mitosisphere/locations/us-central1/operations/operation-1767395158803-6476fc09e4441-86d6b6eb-5e423003 200
[debug] [2026-01-02T23:06:01.758Z] <<< [apiv2][body] GET https://cloudfunctions.googleapis.com/v2/projects/bioblitz-mitosisphere/locations/us-central1/operations/operation-1767395158803-6476fc09e4441-86d6b6eb-5e423003 {"name":"projects/bioblitz-mitosisphere/locations/us-central1/operations/operation-1767395158803-6476fc09e4441-86d6b6eb-5e423003","metadata":{"@type":"type.googleapis.com/google.cloud.functions.v2.OperationMetadata","createTime":"2026-01-02T23:05:59.627974101Z","target":"projects/bioblitz-mitosisphere/locations/us-central1/functions/gradeTest","verb":"update","cancelRequested":false,"apiVersion":"v2","requestResource":{"@type":"type.googleapis.com/google.cloud.functions.v2.Function","name":"projects/bioblitz-mitosisphere/locations/us-central1/functions/gradeTest","buildConfig":{"runtime":"nodejs22","entryPoint":"gradeTest","source":{"storageSource":{"bucket":"gcf-v2-sources-818856364225-us-central1","object":"gradeTest/function-source.zip","generation":"1767395159583919"}},"environmentVariables":{"GOOGLE_NODE_RUN_SCRIPTS":""},"dockerRepository":"projects/bioblitz-mitosisphere/locations/us-central1/repositories/gcf-artifacts","sourceProvenance":{"resolvedStorageSource":{"bucket":"gcf-v2-sources-818856364225-us-central1","object":"gradeTest/function-source.zip","generation":"1767394219350024"}},"dockerRegistry":"ARTIFACT_REGISTRY","serviceAccount":"projects/bioblitz-mitosisphere/serviceAccounts/818856364225-compute@developer.gserviceaccount.com","automaticUpdatePolicy":{}},"serviceConfig":{"service":"projects/bioblitz-mitosisphere/locations/us-central1/services/gradetest","timeoutSeconds":60,"environmentVariables":{"FIREBASE_CONFIG":"{\"projectId\":\"bioblitz-mitosisphere\",\"storageBucket\":\"bioblitz-mitosisphere.firebasestorage.app\"}","GCLOUD_PROJECT":"bioblitz-mitosisphere","EVENTARC_CLOUD_EVENT_SOURCE":"projects/bioblitz-mitosisphere/locations/us-central1/services/gradeTest","FUNCTION_SIGNATURE_TYPE":"cloudevent","FUNCTION_TARGET":"gradeTest","LOG_EXECUTION_ID":"true"},"ingressSettings":"ALLOW_ALL","uri":"https://gradetest-ghgoaiauxq-uc.a.run.app","serviceAccountEmail":"818856364225-compute@developer.gserviceaccount.com","availableMemory":"256Mi","allTrafficOnLatestRevision":true,"revision":"gradetest-00014-rib","maxInstanceRequestConcurrency":80,"availableCpu":"1"},"eventTrigger":{"trigger":"projects/bioblitz-mitosisphere/locations/us-east4/triggers/gradetest-777748","triggerRegion":"us-east4","eventType":"google.cloud.firestore.document.v1.created","eventFilters":[{"attribute":"database","value":"(default)"},{"attribute":"namespace","value":"(default)"},{"attribute":"document","value":"gameSubmissions/{submissionId}","operator":"match-path-pattern"}],"pubsubTopic":"projects/bioblitz-mitosisphere/topics/eventarc-us-east4-gradetest-777748-473","serviceAccountEmail":"818856364225-compute@developer.gserviceaccount.com","retryPolicy":"RETRY_POLICY_DO_NOT_RETRY"},"state":"ACTIVE","labels":{"deployment-tool":"cli-firebase","firebase-functions-hash":"233024ebddeff3f571af0797b5c023b67c23caf7"},"environment":"GEN_2","url":"https://us-central1-bioblitz-mitosisphere.cloudfunctions.net/gradeTest","satisfiesPzi":true},"stages":[{"name":"BUILD","message":"Build in progress","state":"IN_PROGRESS","resource":"projects/818856364225/locations/us-central1/builds/1b96cc0a-58bb-43da-ae2d-94c4862ee5a8","resourceUri":"https://console.cloud.google.com/cloud-build/builds;region=us-central1/1b96cc0a-58bb-43da-ae2d-94c4862ee5a8?project=818856364225"},{"name":"SERVICE","state":"NOT_STARTED"},{"name":"TRIGGER","state":"NOT_STARTED"}],"operationType":"UPDATE_FUNCTION","buildName":"projects/818856364225/locations/us-central1/builds/1b96cc0a-58bb-43da-ae2d-94c4862ee5a8"},"done":false}
[debug] [2026-01-02T23:06:03.513Z] [update-default-us-central1-resetStreaksDaily] Retrying task index 0
[debug] [2026-01-02T23:06:03.513Z] Checked if tokens are valid: true, expires at: 1767397793078
[debug] [2026-01-02T23:06:03.514Z] Checked if tokens are valid: true, expires at: 1767397793078
[debug] [2026-01-02T23:06:03.514Z] >>> [apiv2][query] GET https://cloudfunctions.googleapis.com/v2/projects/bioblitz-mitosisphere/locations/us-central1/operations/operation-1767395158910-6476fc09fe797-98e3636e-ccd634bf [none]
[debug] [2026-01-02T23:06:03.594Z] <<< [apiv2][status] GET https://cloudfunctions.googleapis.com/v2/projects/bioblitz-mitosisphere/locations/us-central1/operations/operation-1767395158910-6476fc09fe797-98e3636e-ccd634bf 200
[debug] [2026-01-02T23:06:03.595Z] <<< [apiv2][body] GET https://cloudfunctions.googleapis.com/v2/projects/bioblitz-mitosisphere/locations/us-central1/operations/operation-1767395158910-6476fc09fe797-98e3636e-ccd634bf {"name":"projects/bioblitz-mitosisphere/locations/us-central1/operations/operation-1767395158910-6476fc09fe797-98e3636e-ccd634bf","metadata":{"@type":"type.googleapis.com/google.cloud.functions.v2.OperationMetadata","createTime":"2026-01-02T23:05:59.499145960Z","target":"projects/bioblitz-mitosisphere/locations/us-central1/functions/resetStreaksDaily","verb":"update","cancelRequested":false,"apiVersion":"v2","requestResource":{"@type":"type.googleapis.com/google.cloud.functions.v2.Function","name":"projects/bioblitz-mitosisphere/locations/us-central1/functions/resetStreaksDaily","buildConfig":{"runtime":"nodejs22","entryPoint":"resetStreaksDaily","source":{"storageSource":{"bucket":"gcf-v2-sources-818856364225-us-central1","object":"resetStreaksDaily/function-source.zip","generation":"1767395159457109"}},"environmentVariables":{"GOOGLE_NODE_RUN_SCRIPTS":""},"dockerRepository":"projects/bioblitz-mitosisphere/locations/us-central1/repositories/gcf-artifacts","sourceProvenance":{"resolvedStorageSource":{"bucket":"gcf-v2-sources-818856364225-us-central1","object":"resetStreaksDaily/function-source.zip","generation":"1767394218558545"}},"dockerRegistry":"ARTIFACT_REGISTRY","serviceAccount":"projects/bioblitz-mitosisphere/serviceAccounts/818856364225-compute@developer.gserviceaccount.com","automaticUpdatePolicy":{}},"serviceConfig":{"service":"projects/bioblitz-mitosisphere/locations/us-central1/services/resetstreaksdaily","timeoutSeconds":540,"environmentVariables":{"FIREBASE_CONFIG":"{\"projectId\":\"bioblitz-mitosisphere\",\"storageBucket\":\"bioblitz-mitosisphere.firebasestorage.app\"}","GCLOUD_PROJECT":"bioblitz-mitosisphere","EVENTARC_CLOUD_EVENT_SOURCE":"projects/bioblitz-mitosisphere/locations/us-central1/services/resetStreaksDaily","FUNCTION_TARGET":"resetStreaksDaily","LOG_EXECUTION_ID":"true"},"ingressSettings":"ALLOW_ALL","uri":"https://resetstreaksdaily-ghgoaiauxq-uc.a.run.app","serviceAccountEmail":"818856364225-compute@developer.gserviceaccount.com","availableMemory":"512Mi","allTrafficOnLatestRevision":true,"revision":"resetstreaksdaily-00001-pab","maxInstanceRequestConcurrency":80,"availableCpu":"1"},"state":"ACTIVE","labels":{"deployment-tool":"cli-firebase","deployment-scheduled":"true","firebase-functions-hash":"233024ebddeff3f571af0797b5c023b67c23caf7"},"environment":"GEN_2","url":"https://us-central1-bioblitz-mitosisphere.cloudfunctions.net/resetStreaksDaily","satisfiesPzi":true},"stages":[{"name":"BUILD","message":"Build in progress","state":"IN_PROGRESS","resource":"projects/818856364225/locations/us-central1/builds/1e81a8b4-078e-49f9-adbe-056265564a4e","resourceUri":"https://console.cloud.google.com/cloud-build/builds;region=us-central1/1e81a8b4-078e-49f9-adbe-056265564a4e?project=818856364225"},{"name":"SERVICE","state":"NOT_STARTED"}],"operationType":"UPDATE_FUNCTION","buildName":"projects/818856364225/locations/us-central1/builds/1e81a8b4-078e-49f9-adbe-056265564a4e"},"done":false}
[debug] [2026-01-02T23:06:03.759Z] [update-default-us-central1-gradeTest] Retrying task index 0
[debug] [2026-01-02T23:06:03.760Z] Checked if tokens are valid: true, expires at: 1767397793078
[debug] [2026-01-02T23:06:03.760Z] Checked if tokens are valid: true, expires at: 1767397793078
[debug] [2026-01-02T23:06:03.760Z] >>> [apiv2][query] GET https://cloudfunctions.googleapis.com/v2/projects/bioblitz-mitosisphere/locations/us-central1/operations/operation-1767395158803-6476fc09e4441-86d6b6eb-5e423003 [none]
[debug] [2026-01-02T23:06:03.927Z] <<< [apiv2][status] GET https://cloudfunctions.googleapis.com/v2/projects/bioblitz-mitosisphere/locations/us-central1/operations/operation-1767395158803-6476fc09e4441-86d6b6eb-5e423003 200
[debug] [2026-01-02T23:06:03.927Z] <<< [apiv2][body] GET https://cloudfunctions.googleapis.com/v2/projects/bioblitz-mitosisphere/locations/us-central1/operations/operation-1767395158803-6476fc09e4441-86d6b6eb-5e423003 {"name":"projects/bioblitz-mitosisphere/locations/us-central1/operations/operation-1767395158803-6476fc09e4441-86d6b6eb-5e423003","metadata":{"@type":"type.googleapis.com/google.cloud.functions.v2.OperationMetadata","createTime":"2026-01-02T23:05:59.627974101Z","target":"projects/bioblitz-mitosisphere/locations/us-central1/functions/gradeTest","verb":"update","cancelRequested":false,"apiVersion":"v2","requestResource":{"@type":"type.googleapis.com/google.cloud.functions.v2.Function","name":"projects/bioblitz-mitosisphere/locations/us-central1/functions/gradeTest","buildConfig":{"runtime":"nodejs22","entryPoint":"gradeTest","source":{"storageSource":{"bucket":"gcf-v2-sources-818856364225-us-central1","object":"gradeTest/function-source.zip","generation":"1767395159583919"}},"environmentVariables":{"GOOGLE_NODE_RUN_SCRIPTS":""},"dockerRepository":"projects/bioblitz-mitosisphere/locations/us-central1/repositories/gcf-artifacts","sourceProvenance":{"resolvedStorageSource":{"bucket":"gcf-v2-sources-818856364225-us-central1","object":"gradeTest/function-source.zip","generation":"1767394219350024"}},"dockerRegistry":"ARTIFACT_REGISTRY","serviceAccount":"projects/bioblitz-mitosisphere/serviceAccounts/818856364225-compute@developer.gserviceaccount.com","automaticUpdatePolicy":{}},"serviceConfig":{"service":"projects/bioblitz-mitosisphere/locations/us-central1/services/gradetest","timeoutSeconds":60,"environmentVariables":{"FIREBASE_CONFIG":"{\"projectId\":\"bioblitz-mitosisphere\",\"storageBucket\":\"bioblitz-mitosisphere.firebasestorage.app\"}","GCLOUD_PROJECT":"bioblitz-mitosisphere","EVENTARC_CLOUD_EVENT_SOURCE":"projects/bioblitz-mitosisphere/locations/us-central1/services/gradeTest","FUNCTION_SIGNATURE_TYPE":"cloudevent","FUNCTION_TARGET":"gradeTest","LOG_EXECUTION_ID":"true"},"ingressSettings":"ALLOW_ALL","uri":"https://gradetest-ghgoaiauxq-uc.a.run.app","serviceAccountEmail":"818856364225-compute@developer.gserviceaccount.com","availableMemory":"256Mi","allTrafficOnLatestRevision":true,"revision":"gradetest-00014-rib","maxInstanceRequestConcurrency":80,"availableCpu":"1"},"eventTrigger":{"trigger":"projects/bioblitz-mitosisphere/locations/us-east4/triggers/gradetest-777748","triggerRegion":"us-east4","eventType":"google.cloud.firestore.document.v1.created","eventFilters":[{"attribute":"database","value":"(default)"},{"attribute":"namespace","value":"(default)"},{"attribute":"document","value":"gameSubmissions/{submissionId}","operator":"match-path-pattern"}],"pubsubTopic":"projects/bioblitz-mitosisphere/topics/eventarc-us-east4-gradetest-777748-473","serviceAccountEmail":"818856364225-compute@developer.gserviceaccount.com","retryPolicy":"RETRY_POLICY_DO_NOT_RETRY"},"state":"ACTIVE","labels":{"deployment-tool":"cli-firebase","firebase-functions-hash":"233024ebddeff3f571af0797b5c023b67c23caf7"},"environment":"GEN_2","url":"https://us-central1-bioblitz-mitosisphere.cloudfunctions.net/gradeTest","satisfiesPzi":true},"stages":[{"name":"BUILD","message":"Build in progress","state":"IN_PROGRESS","resource":"projects/818856364225/locations/us-central1/builds/1b96cc0a-58bb-43da-ae2d-94c4862ee5a8","resourceUri":"https://console.cloud.google.com/cloud-build/builds;region=us-central1/1b96cc0a-58bb-43da-ae2d-94c4862ee5a8?project=818856364225"},{"name":"SERVICE","state":"NOT_STARTED"},{"name":"TRIGGER","state":"NOT_STARTED"}],"operationType":"UPDATE_FUNCTION","buildName":"projects/818856364225/locations/us-central1/builds/1b96cc0a-58bb-43da-ae2d-94c4862ee5a8"},"done":false}
[debug] [2026-01-02T23:06:07.596Z] [update-default-us-central1-resetStreaksDaily] Retrying task index 0
[debug] [2026-01-02T23:06:07.596Z] Checked if tokens are valid: true, expires at: 1767397793078
[debug] [2026-01-02T23:06:07.596Z] Checked if tokens are valid: true, expires at: 1767397793078
[debug] [2026-01-02T23:06:07.597Z] >>> [apiv2][query] GET https://cloudfunctions.googleapis.com/v2/projects/bioblitz-mitosisphere/locations/us-central1/operations/operation-1767395158910-6476fc09fe797-98e3636e-ccd634bf [none]
[debug] [2026-01-02T23:06:07.826Z] <<< [apiv2][status] GET https://cloudfunctions.googleapis.com/v2/projects/bioblitz-mitosisphere/locations/us-central1/operations/operation-1767395158910-6476fc09fe797-98e3636e-ccd634bf 200
[debug] [2026-01-02T23:06:07.826Z] <<< [apiv2][body] GET https://cloudfunctions.googleapis.com/v2/projects/bioblitz-mitosisphere/locations/us-central1/operations/operation-1767395158910-6476fc09fe797-98e3636e-ccd634bf {"name":"projects/bioblitz-mitosisphere/locations/us-central1/operations/operation-1767395158910-6476fc09fe797-98e3636e-ccd634bf","metadata":{"@type":"type.googleapis.com/google.cloud.functions.v2.OperationMetadata","createTime":"2026-01-02T23:05:59.499145960Z","target":"projects/bioblitz-mitosisphere/locations/us-central1/functions/resetStreaksDaily","verb":"update","cancelRequested":false,"apiVersion":"v2","requestResource":{"@type":"type.googleapis.com/google.cloud.functions.v2.Function","name":"projects/bioblitz-mitosisphere/locations/us-central1/functions/resetStreaksDaily","buildConfig":{"runtime":"nodejs22","entryPoint":"resetStreaksDaily","source":{"storageSource":{"bucket":"gcf-v2-sources-818856364225-us-central1","object":"resetStreaksDaily/function-source.zip","generation":"1767395159457109"}},"environmentVariables":{"GOOGLE_NODE_RUN_SCRIPTS":""},"dockerRepository":"projects/bioblitz-mitosisphere/locations/us-central1/repositories/gcf-artifacts","sourceProvenance":{"resolvedStorageSource":{"bucket":"gcf-v2-sources-818856364225-us-central1","object":"resetStreaksDaily/function-source.zip","generation":"1767394218558545"}},"dockerRegistry":"ARTIFACT_REGISTRY","serviceAccount":"projects/bioblitz-mitosisphere/serviceAccounts/818856364225-compute@developer.gserviceaccount.com","automaticUpdatePolicy":{}},"serviceConfig":{"service":"projects/bioblitz-mitosisphere/locations/us-central1/services/resetstreaksdaily","timeoutSeconds":540,"environmentVariables":{"FIREBASE_CONFIG":"{\"projectId\":\"bioblitz-mitosisphere\",\"storageBucket\":\"bioblitz-mitosisphere.firebasestorage.app\"}","GCLOUD_PROJECT":"bioblitz-mitosisphere","EVENTARC_CLOUD_EVENT_SOURCE":"projects/bioblitz-mitosisphere/locations/us-central1/services/resetStreaksDaily","FUNCTION_TARGET":"resetStreaksDaily","LOG_EXECUTION_ID":"true"},"ingressSettings":"ALLOW_ALL","uri":"https://resetstreaksdaily-ghgoaiauxq-uc.a.run.app","serviceAccountEmail":"818856364225-compute@developer.gserviceaccount.com","availableMemory":"512Mi","allTrafficOnLatestRevision":true,"revision":"resetstreaksdaily-00001-pab","maxInstanceRequestConcurrency":80,"availableCpu":"1"},"state":"ACTIVE","labels":{"deployment-tool":"cli-firebase","deployment-scheduled":"true","firebase-functions-hash":"233024ebddeff3f571af0797b5c023b67c23caf7"},"environment":"GEN_2","url":"https://us-central1-bioblitz-mitosisphere.cloudfunctions.net/resetStreaksDaily","satisfiesPzi":true},"stages":[{"name":"BUILD","message":"Build in progress","state":"IN_PROGRESS","resource":"projects/818856364225/locations/us-central1/builds/1e81a8b4-078e-49f9-adbe-056265564a4e","resourceUri":"https://console.cloud.google.com/cloud-build/builds;region=us-central1/1e81a8b4-078e-49f9-adbe-056265564a4e?project=818856364225"},{"name":"SERVICE","state":"NOT_STARTED"}],"operationType":"UPDATE_FUNCTION","buildName":"projects/818856364225/locations/us-central1/builds/1e81a8b4-078e-49f9-adbe-056265564a4e"},"done":false}
[debug] [2026-01-02T23:06:07.928Z] [update-default-us-central1-gradeTest] Retrying task index 0
[debug] [2026-01-02T23:06:07.929Z] Checked if tokens are valid: true, expires at: 1767397793078
[debug] [2026-01-02T23:06:07.929Z] Checked if tokens are valid: true, expires at: 1767397793078
[debug] [2026-01-02T23:06:07.929Z] >>> [apiv2][query] GET https://cloudfunctions.googleapis.com/v2/projects/bioblitz-mitosisphere/locations/us-central1/operations/operation-1767395158803-6476fc09e4441-86d6b6eb-5e423003 [none]
[debug] [2026-01-02T23:06:08.011Z] <<< [apiv2][status] GET https://cloudfunctions.googleapis.com/v2/projects/bioblitz-mitosisphere/locations/us-central1/operations/operation-1767395158803-6476fc09e4441-86d6b6eb-5e423003 200
[debug] [2026-01-02T23:06:08.012Z] <<< [apiv2][body] GET https://cloudfunctions.googleapis.com/v2/projects/bioblitz-mitosisphere/locations/us-central1/operations/operation-1767395158803-6476fc09e4441-86d6b6eb-5e423003 {"name":"projects/bioblitz-mitosisphere/locations/us-central1/operations/operation-1767395158803-6476fc09e4441-86d6b6eb-5e423003","metadata":{"@type":"type.googleapis.com/google.cloud.functions.v2.OperationMetadata","createTime":"2026-01-02T23:05:59.627974101Z","target":"projects/bioblitz-mitosisphere/locations/us-central1/functions/gradeTest","verb":"update","cancelRequested":false,"apiVersion":"v2","requestResource":{"@type":"type.googleapis.com/google.cloud.functions.v2.Function","name":"projects/bioblitz-mitosisphere/locations/us-central1/functions/gradeTest","buildConfig":{"runtime":"nodejs22","entryPoint":"gradeTest","source":{"storageSource":{"bucket":"gcf-v2-sources-818856364225-us-central1","object":"gradeTest/function-source.zip","generation":"1767395159583919"}},"environmentVariables":{"GOOGLE_NODE_RUN_SCRIPTS":""},"dockerRepository":"projects/bioblitz-mitosisphere/locations/us-central1/repositories/gcf-artifacts","sourceProvenance":{"resolvedStorageSource":{"bucket":"gcf-v2-sources-818856364225-us-central1","object":"gradeTest/function-source.zip","generation":"1767394219350024"}},"dockerRegistry":"ARTIFACT_REGISTRY","serviceAccount":"projects/bioblitz-mitosisphere/serviceAccounts/818856364225-compute@developer.gserviceaccount.com","automaticUpdatePolicy":{}},"serviceConfig":{"service":"projects/bioblitz-mitosisphere/locations/us-central1/services/gradetest","timeoutSeconds":60,"environmentVariables":{"FIREBASE_CONFIG":"{\"projectId\":\"bioblitz-mitosisphere\",\"storageBucket\":\"bioblitz-mitosisphere.firebasestorage.app\"}","GCLOUD_PROJECT":"bioblitz-mitosisphere","EVENTARC_CLOUD_EVENT_SOURCE":"projects/bioblitz-mitosisphere/locations/us-central1/services/gradeTest","FUNCTION_SIGNATURE_TYPE":"cloudevent","FUNCTION_TARGET":"gradeTest","LOG_EXECUTION_ID":"true"},"ingressSettings":"ALLOW_ALL","uri":"https://gradetest-ghgoaiauxq-uc.a.run.app","serviceAccountEmail":"818856364225-compute@developer.gserviceaccount.com","availableMemory":"256Mi","allTrafficOnLatestRevision":true,"revision":"gradetest-00014-rib","maxInstanceRequestConcurrency":80,"availableCpu":"1"},"eventTrigger":{"trigger":"projects/bioblitz-mitosisphere/locations/us-east4/triggers/gradetest-777748","triggerRegion":"us-east4","eventType":"google.cloud.firestore.document.v1.created","eventFilters":[{"attribute":"database","value":"(default)"},{"attribute":"namespace","value":"(default)"},{"attribute":"document","value":"gameSubmissions/{submissionId}","operator":"match-path-pattern"}],"pubsubTopic":"projects/bioblitz-mitosisphere/topics/eventarc-us-east4-gradetest-777748-473","serviceAccountEmail":"818856364225-compute@developer.gserviceaccount.com","retryPolicy":"RETRY_POLICY_DO_NOT_RETRY"},"state":"ACTIVE","labels":{"deployment-tool":"cli-firebase","firebase-functions-hash":"233024ebddeff3f571af0797b5c023b67c23caf7"},"environment":"GEN_2","url":"https://us-central1-bioblitz-mitosisphere.cloudfunctions.net/gradeTest","satisfiesPzi":true},"stages":[{"name":"BUILD","message":"Build in progress","state":"IN_PROGRESS","resource":"projects/818856364225/locations/us-central1/builds/1b96cc0a-58bb-43da-ae2d-94c4862ee5a8","resourceUri":"https://console.cloud.google.com/cloud-build/builds;region=us-central1/1b96cc0a-58bb-43da-ae2d-94c4862ee5a8?project=818856364225"},{"name":"SERVICE","state":"NOT_STARTED"},{"name":"TRIGGER","state":"NOT_STARTED"}],"operationType":"UPDATE_FUNCTION","buildName":"projects/818856364225/locations/us-central1/builds/1b96cc0a-58bb-43da-ae2d-94c4862ee5a8"},"done":false}
[debug] [2026-01-02T23:06:15.828Z] [update-default-us-central1-resetStreaksDaily] Retrying task index 0
[debug] [2026-01-02T23:06:15.833Z] Checked if tokens are valid: true, expires at: 1767397793078
[debug] [2026-01-02T23:06:15.833Z] Checked if tokens are valid: true, expires at: 1767397793078
[debug] [2026-01-02T23:06:15.833Z] >>> [apiv2][query] GET https://cloudfunctions.googleapis.com/v2/projects/bioblitz-mitosisphere/locations/us-central1/operations/operation-1767395158910-6476fc09fe797-98e3636e-ccd634bf [none]
[debug] [2026-01-02T23:06:16.014Z] [update-default-us-central1-gradeTest] Retrying task index 0
[debug] [2026-01-02T23:06:16.014Z] Checked if tokens are valid: true, expires at: 1767397793078
[debug] [2026-01-02T23:06:16.014Z] Checked if tokens are valid: true, expires at: 1767397793078
[debug] [2026-01-02T23:06:16.014Z] >>> [apiv2][query] GET https://cloudfunctions.googleapis.com/v2/projects/bioblitz-mitosisphere/locations/us-central1/operations/operation-1767395158803-6476fc09e4441-86d6b6eb-5e423003 [none]
[debug] [2026-01-02T23:06:16.182Z] <<< [apiv2][status] GET https://cloudfunctions.googleapis.com/v2/projects/bioblitz-mitosisphere/locations/us-central1/operations/operation-1767395158910-6476fc09fe797-98e3636e-ccd634bf 200
[debug] [2026-01-02T23:06:16.183Z] <<< [apiv2][body] GET https://cloudfunctions.googleapis.com/v2/projects/bioblitz-mitosisphere/locations/us-central1/operations/operation-1767395158910-6476fc09fe797-98e3636e-ccd634bf {"name":"projects/bioblitz-mitosisphere/locations/us-central1/operations/operation-1767395158910-6476fc09fe797-98e3636e-ccd634bf","metadata":{"@type":"type.googleapis.com/google.cloud.functions.v2.OperationMetadata","createTime":"2026-01-02T23:05:59.499145960Z","target":"projects/bioblitz-mitosisphere/locations/us-central1/functions/resetStreaksDaily","verb":"update","cancelRequested":false,"apiVersion":"v2","requestResource":{"@type":"type.googleapis.com/google.cloud.functions.v2.Function","name":"projects/bioblitz-mitosisphere/locations/us-central1/functions/resetStreaksDaily","buildConfig":{"runtime":"nodejs22","entryPoint":"resetStreaksDaily","source":{"storageSource":{"bucket":"gcf-v2-sources-818856364225-us-central1","object":"resetStreaksDaily/function-source.zip","generation":"1767395159457109"}},"environmentVariables":{"GOOGLE_NODE_RUN_SCRIPTS":""},"dockerRepository":"projects/bioblitz-mitosisphere/locations/us-central1/repositories/gcf-artifacts","sourceProvenance":{"resolvedStorageSource":{"bucket":"gcf-v2-sources-818856364225-us-central1","object":"resetStreaksDaily/function-source.zip","generation":"1767394218558545"}},"dockerRegistry":"ARTIFACT_REGISTRY","serviceAccount":"projects/bioblitz-mitosisphere/serviceAccounts/818856364225-compute@developer.gserviceaccount.com","automaticUpdatePolicy":{}},"serviceConfig":{"service":"projects/bioblitz-mitosisphere/locations/us-central1/services/resetstreaksdaily","timeoutSeconds":540,"environmentVariables":{"FIREBASE_CONFIG":"{\"projectId\":\"bioblitz-mitosisphere\",\"storageBucket\":\"bioblitz-mitosisphere.firebasestorage.app\"}","GCLOUD_PROJECT":"bioblitz-mitosisphere","EVENTARC_CLOUD_EVENT_SOURCE":"projects/bioblitz-mitosisphere/locations/us-central1/services/resetStreaksDaily","FUNCTION_TARGET":"resetStreaksDaily","LOG_EXECUTION_ID":"true"},"ingressSettings":"ALLOW_ALL","uri":"https://resetstreaksdaily-ghgoaiauxq-uc.a.run.app","serviceAccountEmail":"818856364225-compute@developer.gserviceaccount.com","availableMemory":"512Mi","allTrafficOnLatestRevision":true,"revision":"resetstreaksdaily-00001-pab","maxInstanceRequestConcurrency":80,"availableCpu":"1"},"state":"ACTIVE","labels":{"deployment-tool":"cli-firebase","deployment-scheduled":"true","firebase-functions-hash":"233024ebddeff3f571af0797b5c023b67c23caf7"},"environment":"GEN_2","url":"https://us-central1-bioblitz-mitosisphere.cloudfunctions.net/resetStreaksDaily","satisfiesPzi":true},"stages":[{"name":"BUILD","message":"Build in progress","state":"IN_PROGRESS","resource":"projects/818856364225/locations/us-central1/builds/1e81a8b4-078e-49f9-adbe-056265564a4e","resourceUri":"https://console.cloud.google.com/cloud-build/builds;region=us-central1/1e81a8b4-078e-49f9-adbe-056265564a4e?project=818856364225"},{"name":"SERVICE","state":"NOT_STARTED"}],"operationType":"UPDATE_FUNCTION","buildName":"projects/818856364225/locations/us-central1/builds/1e81a8b4-078e-49f9-adbe-056265564a4e"},"done":false}
[debug] [2026-01-02T23:06:16.449Z] <<< [apiv2][status] GET https://cloudfunctions.googleapis.com/v2/projects/bioblitz-mitosisphere/locations/us-central1/operations/operation-1767395158803-6476fc09e4441-86d6b6eb-5e423003 200
[debug] [2026-01-02T23:06:16.450Z] <<< [apiv2][body] GET https://cloudfunctions.googleapis.com/v2/projects/bioblitz-mitosisphere/locations/us-central1/operations/operation-1767395158803-6476fc09e4441-86d6b6eb-5e423003 {"name":"projects/bioblitz-mitosisphere/locations/us-central1/operations/operation-1767395158803-6476fc09e4441-86d6b6eb-5e423003","metadata":{"@type":"type.googleapis.com/google.cloud.functions.v2.OperationMetadata","createTime":"2026-01-02T23:05:59.627974101Z","target":"projects/bioblitz-mitosisphere/locations/us-central1/functions/gradeTest","verb":"update","cancelRequested":false,"apiVersion":"v2","requestResource":{"@type":"type.googleapis.com/google.cloud.functions.v2.Function","name":"projects/bioblitz-mitosisphere/locations/us-central1/functions/gradeTest","buildConfig":{"runtime":"nodejs22","entryPoint":"gradeTest","source":{"storageSource":{"bucket":"gcf-v2-sources-818856364225-us-central1","object":"gradeTest/function-source.zip","generation":"1767395159583919"}},"environmentVariables":{"GOOGLE_NODE_RUN_SCRIPTS":""},"dockerRepository":"projects/bioblitz-mitosisphere/locations/us-central1/repositories/gcf-artifacts","sourceProvenance":{"resolvedStorageSource":{"bucket":"gcf-v2-sources-818856364225-us-central1","object":"gradeTest/function-source.zip","generation":"1767394219350024"}},"dockerRegistry":"ARTIFACT_REGISTRY","serviceAccount":"projects/bioblitz-mitosisphere/serviceAccounts/818856364225-compute@developer.gserviceaccount.com","automaticUpdatePolicy":{}},"serviceConfig":{"service":"projects/bioblitz-mitosisphere/locations/us-central1/services/gradetest","timeoutSeconds":60,"environmentVariables":{"FIREBASE_CONFIG":"{\"projectId\":\"bioblitz-mitosisphere\",\"storageBucket\":\"bioblitz-mitosisphere.firebasestorage.app\"}","GCLOUD_PROJECT":"bioblitz-mitosisphere","EVENTARC_CLOUD_EVENT_SOURCE":"projects/bioblitz-mitosisphere/locations/us-central1/services/gradeTest","FUNCTION_SIGNATURE_TYPE":"cloudevent","FUNCTION_TARGET":"gradeTest","LOG_EXECUTION_ID":"true"},"ingressSettings":"ALLOW_ALL","uri":"https://gradetest-ghgoaiauxq-uc.a.run.app","serviceAccountEmail":"818856364225-compute@developer.gserviceaccount.com","availableMemory":"256Mi","allTrafficOnLatestRevision":true,"revision":"gradetest-00014-rib","maxInstanceRequestConcurrency":80,"availableCpu":"1"},"eventTrigger":{"trigger":"projects/bioblitz-mitosisphere/locations/us-east4/triggers/gradetest-777748","triggerRegion":"us-east4","eventType":"google.cloud.firestore.document.v1.created","eventFilters":[{"attribute":"database","value":"(default)"},{"attribute":"namespace","value":"(default)"},{"attribute":"document","value":"gameSubmissions/{submissionId}","operator":"match-path-pattern"}],"pubsubTopic":"projects/bioblitz-mitosisphere/topics/eventarc-us-east4-gradetest-777748-473","serviceAccountEmail":"818856364225-compute@developer.gserviceaccount.com","retryPolicy":"RETRY_POLICY_DO_NOT_RETRY"},"state":"ACTIVE","labels":{"deployment-tool":"cli-firebase","firebase-functions-hash":"233024ebddeff3f571af0797b5c023b67c23caf7"},"environment":"GEN_2","url":"https://us-central1-bioblitz-mitosisphere.cloudfunctions.net/gradeTest","satisfiesPzi":true},"stages":[{"name":"BUILD","message":"Build in progress","state":"IN_PROGRESS","resource":"projects/818856364225/locations/us-central1/builds/1b96cc0a-58bb-43da-ae2d-94c4862ee5a8","resourceUri":"https://console.cloud.google.com/cloud-build/builds;region=us-central1/1b96cc0a-58bb-43da-ae2d-94c4862ee5a8?project=818856364225"},{"name":"SERVICE","state":"NOT_STARTED"},{"name":"TRIGGER","state":"NOT_STARTED"}],"operationType":"UPDATE_FUNCTION","buildName":"projects/818856364225/locations/us-central1/builds/1b96cc0a-58bb-43da-ae2d-94c4862ee5a8"},"done":false}
